/*
SQLyog Professional v12.5.1 (32 bit)
MySQL - 10.1.33-MariaDB : Database - atssa
*********************************************************************
*/

/*!40101 SET NAMES utf8 */;

/*!40101 SET SQL_MODE=''*/;

/*!40014 SET @OLD_UNIQUE_CHECKS=@@UNIQUE_CHECKS, UNIQUE_CHECKS=0 */;
/*!40014 SET @OLD_FOREIGN_KEY_CHECKS=@@FOREIGN_KEY_CHECKS, FOREIGN_KEY_CHECKS=0 */;
/*!40101 SET @OLD_SQL_MODE=@@SQL_MODE, SQL_MODE='NO_AUTO_VALUE_ON_ZERO' */;
/*!40111 SET @OLD_SQL_NOTES=@@SQL_NOTES, SQL_NOTES=0 */;
CREATE DATABASE /*!32312 IF NOT EXISTS*/`atssa` /*!40100 DEFAULT CHARACTER SET latin1 */;

USE `atssa`;

/*Table structure for table `afiliaciones` */

DROP TABLE IF EXISTS `afiliaciones`;

CREATE TABLE `afiliaciones` (
  `id_afiliacion` int(10) NOT NULL AUTO_INCREMENT,
  `id_eps` int(10) NOT NULL,
  `tipo_tramite` varchar(255) NOT NULL,
  `tipo_afiliacion` varchar(255) NOT NULL,
  `sub_tipo_afiliacion` varchar(255) NOT NULL,
  `regimen` varchar(255) NOT NULL,
  `tipo_de_afiliado` varchar(255) NOT NULL,
  `tipo_cotizante` varchar(255) NOT NULL,
  `codigo` varchar(255) NOT NULL,
  `fecha_solicitud` date NOT NULL,
  `id_auth_msn_text` int(10) DEFAULT NULL,
  PRIMARY KEY (`id_afiliacion`)
) ENGINE=InnoDB AUTO_INCREMENT=181 DEFAULT CHARSET=latin1;

/*Data for the table `afiliaciones` */

insert  into `afiliaciones`(`id_afiliacion`,`id_eps`,`tipo_tramite`,`tipo_afiliacion`,`sub_tipo_afiliacion`,`regimen`,`tipo_de_afiliado`,`tipo_cotizante`,`codigo`,`fecha_solicitud`,`id_auth_msn_text`) values 
(2,0,'1','1','2','1','co','dep','08022','2018-11-02',NULL),
(17,0,'1','1','1','1','cf','dep','08022','2018-11-02',NULL),
(18,0,'1','1','1','1','cf','dep','08022','2018-11-02',NULL),
(19,0,'1','1','1','1','cf','dep','08022','2018-11-02',NULL),
(20,0,'1','1','1','1','cf','dep','08022','2018-11-02',NULL),
(21,0,'1','1','1','1','cf','dep','08022','2018-11-02',NULL),
(22,0,'1','1','1','1','cf','dep','08022','2018-11-02',NULL),
(23,0,'1','1','1','1','cf','dep','08022','2018-11-02',NULL),
(24,0,'1','1','1','1','cf','dep','08022','2018-11-02',NULL),
(25,0,'1','1','1','1','cf','dep','08022','2018-11-02',NULL),
(26,0,'1','1','1','1','cf','dep','08022','2018-11-02',NULL),
(27,0,'1','1','1','1','cf','dep','08022','2018-11-02',NULL),
(28,0,'1','1','1','1','cf','dep','08022','2018-11-02',NULL),
(29,0,'1','1','1','1','cf','dep','08022','2018-11-02',NULL),
(30,0,'1','1','1','1','cf','dep','08022','2018-11-02',NULL),
(31,0,'1','1','1','1','cf','dep','08022','2018-11-02',NULL),
(32,0,'1','1','1','1','cf','dep','08022','2018-11-02',NULL),
(33,0,'1','1','1','1','cf','dep','08022','2018-11-02',NULL),
(34,0,'1','1','1','1','cf','dep','08022','2018-11-02',NULL),
(35,0,'1','1','1','1','cf','dep','08022','2018-11-02',NULL),
(36,0,'1','1','1','1','cf','dep','08022','2018-11-02',NULL),
(37,0,'1','1','1','1','cf','dep','08022','2018-11-02',NULL),
(38,0,'1','1','1','1','cf','dep','08022','2018-11-02',NULL),
(39,0,'1','1','1','1','cf','dep','08022','2018-11-02',NULL),
(40,0,'1','1','1','1','cf','dep','08022','2018-11-02',NULL),
(47,0,'1','1','1','1','cf','dep','08022','2018-11-02',NULL),
(48,0,'2','2','2','2','cf','dep','08022','2018-11-14',NULL),
(49,0,'AfiliaciÃ³n','Individual','Cotizante o cabeza de Familia','Contributivo','co','dep','1','2018-11-23',NULL),
(50,0,'AfiliaciÃ³n','Individual','2','Contributivo','cf','pen','1','2018-11-13',NULL),
(51,0,'AfiliaciÃ³n','Individual','Cotizante o cabeza de Familia','Contributivo','cf','dep','3','2018-11-29',NULL),
(52,0,'AfiliaciÃ³n','Individual','Cotizante o cabeza de Familia','Contributivo','cf','dep','3','2018-11-29',NULL),
(53,0,'AfiliaciÃ³n','Individual','Cotizante o cabeza de Familia','Contributivo','cf','dep','3','2018-11-29',NULL),
(54,0,'AfiliaciÃ³n','Individual','Cotizante o cabeza de Familia','Contributivo','cf','dep','3','2018-11-29',NULL),
(55,0,'AfiliaciÃ³n','Individual','Cotizante o cabeza de Familia','Contributivo','cf','dep','3','2018-11-29',NULL),
(56,0,'AfiliaciÃ³n','Individual','Cotizante o cabeza de Familia','Contributivo','cf','dep','3','2018-11-29',NULL),
(57,0,'AfiliaciÃ³n','Individual','Cotizante o cabeza de Familia','Subsidio','co','dep','5','2018-11-06',NULL),
(58,0,'AfiliaciÃ³n','Individual','Cotizante o cabeza de Familia','Subsidio','co','dep','5','2018-11-06',NULL),
(59,0,'AfiliaciÃ³n','Individual','Cotizante o cabeza de Familia','Subsidio','co','dep','5','2018-11-06',NULL),
(60,0,'AfiliaciÃ³n','Individual','Cotizante o cabeza de Familia','Subsidio','co','dep','5','2018-11-06',NULL),
(61,0,'AfiliaciÃ³n','Individual','Cotizante o cabeza de Familia','Subsidio','co','dep','5','2018-11-06',NULL),
(62,0,'AfiliaciÃ³n','Individual','Cotizante o cabeza de Familia','Subsidio','co','dep','5','2018-11-06',NULL),
(63,0,'AfiliaciÃ³n','Individual','Cotizante o cabeza de Familia','Subsidio','co','dep','5','2018-11-06',NULL),
(64,0,'AfiliaciÃ³n','Individual','Cotizante o cabeza de Familia','Subsidio','co','dep','5','2018-11-06',NULL),
(65,0,'AfiliaciÃ³n','Individual','Cotizante o cabeza de Familia','Subsidio','co','dep','5','2018-11-06',NULL),
(66,0,'AfiliaciÃ³n','Individual','2','Contributivo','cf','dep','5','2018-11-07',NULL),
(67,0,'AfiliaciÃ³n','Individual','2','Contributivo','cf','dep','5','2018-11-07',NULL),
(68,0,'AfiliaciÃ³n','Individual','2','Contributivo','cf','dep','5','2018-11-07',NULL),
(69,0,'AfiliaciÃ³n','Individual','2','Contributivo','cf','dep','5','2018-11-07',NULL),
(70,0,'AfiliaciÃ³n','Individual','2','Contributivo','cf','dep','5','2018-11-07',NULL),
(71,0,'AfiliaciÃ³n','Individual','2','Contributivo','cf','dep','5','2018-11-07',NULL),
(72,0,'AfiliaciÃ³n','Individual','2','Contributivo','cf','dep','5','2018-11-07',NULL),
(73,0,'AfiliaciÃ³n','Individual','2','Contributivo','cf','dep','5','2018-11-07',NULL),
(74,0,'AfiliaciÃ³n','Individual','2','Contributivo','cf','dep','5','2018-11-07',NULL),
(75,0,'AfiliaciÃ³n','Individual','2','Contributivo','cf','dep','5','2018-11-07',NULL),
(76,0,'AfiliaciÃ³n','Individual','2','Contributivo','cf','dep','5','2018-11-07',NULL),
(77,0,'AfiliaciÃ³n','Individual','2','Contributivo','cf','dep','5','2018-11-07',NULL),
(78,0,'AfiliaciÃ³n','Individual','2','Contributivo','cf','dep','5','2018-11-07',NULL),
(79,0,'AfiliaciÃ³n','Individual','2','Contributivo','cf','dep','5','2018-11-07',NULL),
(80,0,'AfiliaciÃ³n','Individual','2','Contributivo','cf','dep','5','2018-11-07',NULL),
(81,0,'AfiliaciÃ³n','Individual','2','Contributivo','cf','dep','5','2018-11-07',NULL),
(82,0,'AfiliaciÃ³n','Individual','2','Contributivo','cf','dep','5','2018-11-07',NULL),
(83,0,'AfiliaciÃ³n','Individual','2','Contributivo','cf','dep','5','2018-11-07',NULL),
(84,0,'AfiliaciÃ³n','Individual','2','Contributivo','cf','dep','5','2018-11-07',NULL),
(85,0,'AfiliaciÃ³n','Individual','2','Contributivo','cf','dep','5','2018-11-07',NULL),
(86,0,'AfiliaciÃ³n','Individual','2','Contributivo','cf','dep','5','2018-11-07',NULL),
(87,0,'AfiliaciÃ³n','Individual','2','Contributivo','cf','dep','5','2018-11-07',NULL),
(88,0,'AfiliaciÃ³n','Individual','2','Contributivo','cf','dep','5','2018-11-07',NULL),
(89,0,'AfiliaciÃ³n','Individual','2','Contributivo','cf','dep','5','2018-11-07',NULL),
(90,0,'AfiliaciÃ³n','Individual','2','Contributivo','cf','dep','5','2018-11-07',NULL),
(91,0,'AfiliaciÃ³n','Individual','2','Contributivo','cf','dep','5','2018-11-07',NULL),
(92,0,'AfiliaciÃ³n','Individual','2','Contributivo','cf','dep','5','2018-11-07',NULL),
(93,0,'AfiliaciÃ³n','Individual','2','Contributivo','cf','dep','5','2018-11-07',NULL),
(94,0,'AfiliaciÃ³n','Individual','2','Contributivo','cf','dep','5','2018-11-07',NULL),
(95,0,'AfiliaciÃ³n','Individual','2','Contributivo','cf','dep','5','2018-11-07',NULL),
(96,0,'AfiliaciÃ³n','Individual','2','Contributivo','cf','dep','5','2018-11-07',NULL),
(97,0,'AfiliaciÃ³n','Individual','2','Contributivo','cf','dep','5','2018-11-07',NULL),
(98,0,'AfiliaciÃ³n','Individual','2','Contributivo','cf','dep','5','2018-11-07',NULL),
(99,0,'AfiliaciÃ³n','Individual','2','Contributivo','cf','dep','5','2018-11-07',NULL),
(100,0,'AfiliaciÃ³n','Individual','2','Contributivo','cf','dep','5','2018-11-07',NULL),
(101,0,'AfiliaciÃ³n','Individual','2','Contributivo','cf','dep','5','2018-11-07',NULL),
(102,0,'AfiliaciÃ³n','Individual','2','Contributivo','cf','dep','5','2018-11-07',NULL),
(103,0,'AfiliaciÃ³n','Individual','2','Contributivo','cf','dep','5','2018-11-07',NULL),
(104,0,'AfiliaciÃ³n','Individual','2','Contributivo','cf','dep','5','2018-11-07',NULL),
(105,0,'AfiliaciÃ³n','Individual','2','Contributivo','cf','dep','5','2018-11-07',NULL),
(106,0,'AfiliaciÃ³n','Individual','2','Contributivo','cf','dep','5','2018-11-07',NULL),
(107,0,'AfiliaciÃ³n','Individual','2','Contributivo','cf','dep','5','2018-11-07',NULL),
(108,0,'AfiliaciÃ³n','Individual','2','Contributivo','cf','dep','5','2018-11-07',NULL),
(109,0,'AfiliaciÃ³n','Individual','2','Contributivo','cf','dep','5','2018-11-07',NULL),
(110,0,'AfiliaciÃ³n','Individual','Cotizante o cabeza de Familia','Contributivo','co','dep','3','2018-11-03',NULL),
(111,0,'AfiliaciÃ³n','Individual','Cotizante o cabeza de Familia','Contributivo','co','dep','3','2018-11-03',NULL),
(112,0,'AfiliaciÃ³n','Individual','Cotizante o cabeza de Familia','Contributivo','co','dep','3','2018-11-03',NULL),
(113,0,'AfiliaciÃ³n','Individual','Cotizante o cabeza de Familia','Contributivo','co','dep','3','2018-11-03',NULL),
(114,0,'AfiliaciÃ³n','Individual','Cotizante o cabeza de Familia','Contributivo','co','dep','3','2018-11-03',NULL),
(115,0,'AfiliaciÃ³n','Individual','Cotizante o cabeza de Familia','Contributivo','co','dep','3','2018-11-03',NULL),
(116,0,'AfiliaciÃ³n','Individual','Cotizante o cabeza de Familia','Contributivo','co','dep','3','2018-11-03',NULL),
(117,0,'AfiliaciÃ³n','Individual','Cotizante o cabeza de Familia','Contributivo','co','dep','3','2018-11-03',NULL),
(118,0,'AfiliaciÃ³n','Individual','Cotizante o cabeza de Familia','Contributivo','co','dep','3','2018-11-03',NULL),
(119,0,'AfiliaciÃ³n','Individual','Cotizante o cabeza de Familia','Contributivo','co','dep','3','2018-11-03',NULL),
(120,0,'AfiliaciÃ³n','Individual','Cotizante o cabeza de Familia','Contributivo','co','dep','3','2018-11-03',NULL),
(121,0,'AfiliaciÃ³n','Individual','Cotizante o cabeza de Familia','Contributivo','co','dep','2','2018-11-17',NULL),
(122,0,'AfiliaciÃ³n','Individual','Cotizante o cabeza de Familia','Contributivo','co','dep','2','2018-11-17',NULL),
(123,0,'AfiliaciÃ³n','Individual','Cotizante o cabeza de Familia','Contributivo','co','dep','2','2018-11-17',NULL),
(124,0,'AfiliaciÃ³n','Colectiva','Cotizante o cabeza de Familia','Subsidio','co','dep','1','2018-11-08',NULL),
(125,0,'AfiliaciÃ³n','Colectiva','Cotizante o cabeza de Familia','Subsidio','co','dep','1','2018-11-08',NULL),
(126,6,'AfiliaciÃ³n','Colectiva','Cotizante o cabeza de Familia','Subsidio','co','dep','1','2018-11-08',NULL),
(127,0,'AfiliaciÃ³n','Individual','Cotizante o cabeza de Familia','Subsidio','cf','','','2018-11-25',NULL),
(128,0,'0','0','0','0','','','','0000-00-00',NULL),
(129,0,'0','0','0','0','','','','0000-00-00',NULL),
(130,0,'AfiliaciÃ³n','Individual','Cotizante o cabeza de Familia','Contributivo','co','dep','','2018-11-28',NULL),
(131,0,'AfiliaciÃ³n','Individual','Cotizante o cabeza de Familia','Contributivo','co','dep','','2018-11-28',NULL),
(132,0,'0','0','0','0','','','','0000-00-00',NULL),
(133,0,'AfiliaciÃ³n','Individual','Cotizante o cabeza de Familia','Contributivo','co','dep','232333','0000-00-00',NULL),
(134,0,'AfiliaciÃ³n','Individual','Cotizante o cabeza de Familia','Contributivo','co','dep','232333','0000-00-00',NULL),
(135,0,'AfiliaciÃ³n','Individual','Cotizante o cabeza de Familia','Contributivo','co','dep','232333','0000-00-00',NULL),
(136,0,'0','0','0','0','','','','0000-00-00',NULL),
(137,0,'0','0','0','0','','','','0000-00-00',NULL),
(138,0,'0','0','0','0','','','','0000-00-00',NULL),
(139,0,'0','0','0','0','','','','0000-00-00',NULL),
(140,0,'AfiliaciÃ³n','Individual','0','Contributivo','co','dep','','2018-11-29',NULL),
(141,0,'AfiliaciÃ³n','0','0','0','','','','0000-00-00',NULL),
(142,0,'AfiliaciÃ³n','0','0','0','','','','0000-00-00',NULL),
(143,0,'0','0','0','0','','','','0000-00-00',NULL),
(144,0,'AfiliaciÃ³n','Individual','Cotizante o cabeza de Familia','Contributivo','co','dep','','2018-11-30',NULL),
(145,0,'AfiliaciÃ³n','Colectiva','0','Contributivo','co','dep','','2018-11-30',NULL),
(146,0,'0','0','0','0','','','','0000-00-00',NULL),
(147,0,'0','0','0','0','','','','0000-00-00',NULL),
(148,0,'0','0','0','0','','','','0000-00-00',NULL),
(149,0,'0','0','0','0','','','','0000-00-00',NULL),
(150,0,'0','0','0','0','','','','0000-00-00',NULL),
(151,0,'0','0','0','0','','','','0000-00-00',NULL),
(152,0,'0','0','0','0','','','','0000-00-00',NULL),
(153,0,'AfiliaciÃ³n','Individual','Cotizante o cabeza de Familia','Contributivo','co','dep','','2018-12-03',NULL),
(154,0,'0','0','0','0','','','','0000-00-00',NULL),
(155,0,'AfiliaciÃ³n','Individual','Cotizante o cabeza de Familia','Contributivo','co','dep','','2018-12-03',NULL),
(156,0,'0','0','0','0','','','','0000-00-00',NULL),
(157,0,'0','0','0','0','','','','0000-00-00',NULL),
(158,0,'0','0','0','0','','','','0000-00-00',NULL),
(159,0,'0','0','0','0','','','','0000-00-00',NULL),
(160,0,'0','0','0','0','','','','0000-00-00',NULL),
(161,0,'0','0','0','0','','','','0000-00-00',NULL),
(162,0,'AfiliaciÃ³n','Individual','Cotizante o cabeza de Familia','Contributivo','co','dep','','2018-12-18',NULL),
(163,0,'AfiliaciÃ³n','Individual','Cotizante o cabeza de Familia','Contributivo','co','dep','','2018-12-18',NULL),
(164,40,'AfiliaciÃ³n','Individual','Cotizante o cabeza de Familia','Contributivo','co','dep','','2018-12-28',NULL),
(165,0,'0','0','0','0','','','','0000-00-00',NULL),
(166,39,'AfiliaciÃ³n','Individual','Cotizante o cabeza de Familia','Contributivo','co','dep','','2018-12-28',NULL),
(167,0,'0','0','0','0','','','','0000-00-00',NULL),
(168,4,'Reporte de Novedad','Colectiva','0','Subsidio','co','dep','','0000-00-00',NULL),
(169,4,'Reporte de Novedad','Colectiva','0','Subsidio','co','dep','','0000-00-00',NULL),
(170,4,'Reporte de Novedad','Colectiva','0','Subsidio','co','dep','','0000-00-00',NULL),
(171,0,'0','0','0','0','','','','0000-00-00',NULL),
(172,0,'0','0','0','0','','','','0000-00-00',NULL),
(173,0,'0','0','0','0','','','','0000-00-00',NULL),
(174,0,'0','0','0','0','','','','0000-00-00',NULL),
(175,0,'0','0','0','0','','','','0000-00-00',NULL),
(176,0,'0','0','0','0','','','','0000-00-00',NULL),
(177,8,'0','0','0','0','','','','0000-00-00',NULL),
(178,0,'0','0','0','0','','','sadasdasd','0000-00-00',NULL),
(179,0,'0','0','0','0','','','','0000-00-00',NULL),
(180,0,'0','0','0','0','','','','0000-00-00',NULL);

/*Table structure for table `aportantes_afiliacion` */

DROP TABLE IF EXISTS `aportantes_afiliacion`;

CREATE TABLE `aportantes_afiliacion` (
  `id_aportante` int(10) NOT NULL AUTO_INCREMENT,
  `razon_social` varchar(255) NOT NULL,
  `t_doc` varchar(255) NOT NULL,
  `nro_doc_id` varchar(255) NOT NULL,
  `tipo_aportante` varchar(255) NOT NULL,
  `ciudad` varchar(255) NOT NULL,
  `dpto` varchar(255) NOT NULL,
  `tlf_cell` varchar(255) NOT NULL,
  `tlf_hab` varchar(255) NOT NULL,
  `correo` varchar(255) NOT NULL,
  `fecha_ini_relacion_lab` date NOT NULL,
  `cargo` varchar(255) NOT NULL,
  `salario` varchar(255) NOT NULL,
  `id_data_solicitante` int(10) NOT NULL,
  PRIMARY KEY (`id_aportante`)
) ENGINE=InnoDB AUTO_INCREMENT=71 DEFAULT CHARSET=latin1;

/*Data for the table `aportantes_afiliacion` */

insert  into `aportantes_afiliacion`(`id_aportante`,`razon_social`,`t_doc`,`nro_doc_id`,`tipo_aportante`,`ciudad`,`dpto`,`tlf_cell`,`tlf_hab`,`correo`,`fecha_ini_relacion_lab`,`cargo`,`salario`,`id_data_solicitante`) values 
(1,'1','1','1','1','1','1','1','1','1@gmail.com','2018-11-10','1','1',0),
(2,'1','1','1','1','1','1','1','1','1@gmail.com','2018-11-10','1','1',0),
(3,'1','1','1','1','1','1','1','1','1@gmail.com','2018-11-10','1','1',0),
(4,'1','1','1','1','1','1','1','1','1@gmail.com','2018-11-10','1','1',0),
(5,'1','1','1','1','1','1','1','1','1@gmail.com','2018-11-10','1','1',0),
(6,'1','1','1','1','1','1','1','1','1@gmail.com','2018-11-10','1','1',0),
(7,'1','1','1','1','1','1','1','1','1@gmail.com','2018-11-10','1','1',0),
(8,'1','1','1','1','1','1','1','1','1@gmail.com','2018-11-10','1','1',0),
(9,'1','1','1','1','1','1','1','1','1@gmail.com','2018-11-10','1','1',0),
(10,'1','1','1','1','1','1','1','1','1@gmail.com','2018-11-10','1','1',0),
(11,'1','1','1','1','1','1','1','1','1@gmail.com','2018-11-10','1','1',0),
(12,'2','3','2','2','2','2','2','2','3@gmail.com','2018-11-14','2','2',0),
(13,'2','3','2','2','2','2','2','2','3@gmail.com','2018-11-14','2','2',0),
(14,'2','3','2','2','2','2','2','2','3@gmail.com','2018-11-14','2','2',0),
(15,'8','1','8','8','8','8','8','8','8@correo.com','2018-11-15','8','8',0),
(16,'8','1','8','8','8','8','8','8','8@correo.com','2018-11-15','8','8',0),
(17,'8','1','8','8','8','8','8','8','8@correo.com','2018-11-15','8','8',36),
(18,'','0','','','','','','','','0000-00-00','','',0),
(19,'','0','','','','','','','','0000-00-00','','',0),
(20,'','0','','','','','','','','0000-00-00','','',0),
(21,'','0','','','','','','','','0000-00-00','','',0),
(22,'','0','','','','','','','','0000-00-00','','',0),
(23,'','0','','','','','','','','0000-00-00','','',0),
(24,'','0','','','','','','','','0000-00-00','','',0),
(25,'','0','','','','','','','','0000-00-00','','',0),
(26,'','0','','','','','','','','0000-00-00','','',0),
(27,'','0','','','','','','','','0000-00-00','','',0),
(28,'','0','','','','','','','','0000-00-00','','',0),
(29,'','0','','','','','','','','0000-00-00','','',0),
(30,'','0','','','','','','','','0000-00-00','','',0),
(31,'','0','','','','','','','','0000-00-00','','',0),
(32,'','0','','','','','','','','0000-00-00','','',0),
(33,'','0','','','','','','','','0000-00-00','','',0),
(34,'','0','','','','','','','','0000-00-00','','',0),
(35,'','0','','','','','','','','0000-00-00','','',0),
(36,'','0','','','','','','','','0000-00-00','','',0),
(37,'','0','','','','','','','','0000-00-00','','',0),
(38,'','0','','','','','','','','0000-00-00','','',0),
(39,'','0','','','','','','','','0000-00-00','','',0),
(40,'','0','','','','','','','','0000-00-00','','',0),
(41,'','0','','','','','','','','0000-00-00','','',0),
(42,'','0','','','','','','','','0000-00-00','','',0),
(43,'','0','','','','','','','','0000-00-00','','',0),
(44,'','0','','','','','','','','0000-00-00','','',0),
(45,'','0','','','','','','','','0000-00-00','','',0),
(46,'','0','','','','','','','','0000-00-00','','',0),
(47,'','0','','','','','','','','0000-00-00','','',0),
(48,'','0','','','','','','','','0000-00-00','','',0),
(49,'','0','','','','','','','','0000-00-00','','',0),
(50,'','0','','','','','','','','0000-00-00','','',0),
(51,'','0','','','','','','','','0000-00-00','','',0),
(52,'','0','','','','','','','','0000-00-00','','',0),
(53,'','5','','','','','','','','0000-00-00','','',0),
(54,'','5','','','','','','','','0000-00-00','','',0),
(55,'xxxxxx','5','123456789','gghhhh','','','xxxx','xxxxx','','0000-00-00','','',37),
(56,'','0','','','','','','','','0000-00-00','','',38),
(57,'','0','','','','','','','','0000-00-00','','',39),
(58,'','0','','','','','','','','0000-00-00','','',40),
(59,'','0','','','','','','','','0000-00-00','','',41),
(60,'','0','','','','','','','','0000-00-00','','',42),
(61,'','0','','','','','','','','0000-00-00','','',43),
(62,'','0','','','','','','','','0000-00-00','','',44),
(63,'','0','','','','','','','','0000-00-00','','',45),
(64,'','0','','','','','','','','0000-00-00','','',46),
(65,'','0','','','','','','','','0000-00-00','','',47),
(66,'','0','','','','','','','','0000-00-00','','',48),
(67,'','0','','','','','','','','0000-00-00','','',49),
(68,'','0','','','','','','','','0000-00-00','','',50),
(69,'','0','','','','','','','','0000-00-00','','',51),
(70,'','0','','','','','','','','0000-00-00','','',52);

/*Table structure for table `autorizacion_msn_texto_afiliacion` */

DROP TABLE IF EXISTS `autorizacion_msn_texto_afiliacion`;

CREATE TABLE `autorizacion_msn_texto_afiliacion` (
  `id_auth_msn_text` int(10) NOT NULL AUTO_INCREMENT,
  `recibo_carta_derechos` varchar(255) NOT NULL,
  `recibo_carta_desempeno` varchar(255) NOT NULL,
  `leer_carta_desempeno` varchar(255) NOT NULL,
  `dudas_resueltas` varchar(255) NOT NULL,
  `comp_renuncia_derechos_desempeno` varchar(255) NOT NULL,
  `new_eps_canales_eficaces` varchar(255) NOT NULL,
  PRIMARY KEY (`id_auth_msn_text`)
) ENGINE=InnoDB DEFAULT CHARSET=latin1;

/*Data for the table `autorizacion_msn_texto_afiliacion` */

/*Table structure for table `data_entidad_territ_afiliacion` */

DROP TABLE IF EXISTS `data_entidad_territ_afiliacion`;

CREATE TABLE `data_entidad_territ_afiliacion` (
  `id_data_entidad_territ` int(10) NOT NULL AUTO_INCREMENT,
  `tipo_id_entidad_territ` varchar(255) NOT NULL,
  `nro_ficha` varchar(255) NOT NULL,
  `puntaje` varchar(255) NOT NULL,
  `nivel` varchar(255) NOT NULL,
  `fecha_radicacion` date NOT NULL,
  `fecha_validacion` date NOT NULL,
  `id_afiliacion` int(10) NOT NULL,
  PRIMARY KEY (`id_data_entidad_territ`)
) ENGINE=InnoDB AUTO_INCREMENT=57 DEFAULT CHARSET=latin1;

/*Data for the table `data_entidad_territ_afiliacion` */

insert  into `data_entidad_territ_afiliacion`(`id_data_entidad_territ`,`tipo_id_entidad_territ`,`nro_ficha`,`puntaje`,`nivel`,`fecha_radicacion`,`fecha_validacion`,`id_afiliacion`) values 
(1,'2','8','8','8','2018-11-24','2018-11-24',124),
(2,'2','8','8','8','2018-11-24','2018-11-24',125),
(3,'2','8','8','8','2018-11-24','2018-11-24',126),
(4,'0','','','','0000-00-00','0000-00-00',0),
(5,'0','','','','0000-00-00','0000-00-00',0),
(6,'0','','','','0000-00-00','0000-00-00',0),
(7,'0','','','','0000-00-00','0000-00-00',0),
(8,'0','','','','0000-00-00','0000-00-00',0),
(9,'0','','','','0000-00-00','0000-00-00',0),
(10,'0','','','','0000-00-00','0000-00-00',0),
(11,'0','','','','0000-00-00','0000-00-00',0),
(12,'0','','','','0000-00-00','0000-00-00',0),
(13,'0','','','','0000-00-00','0000-00-00',0),
(14,'0','','','','0000-00-00','0000-00-00',0),
(15,'0','','','','0000-00-00','0000-00-00',0),
(16,'0','','','','0000-00-00','0000-00-00',0),
(17,'0','','','','0000-00-00','0000-00-00',0),
(18,'0','','','','0000-00-00','0000-00-00',0),
(19,'1','','','','0000-00-00','0000-00-00',0),
(20,'0','','','','0000-00-00','0000-00-00',0),
(21,'0','','','','0000-00-00','0000-00-00',0),
(22,'0','','','','0000-00-00','0000-00-00',0),
(23,'0','','','','0000-00-00','0000-00-00',0),
(24,'0','','','','0000-00-00','0000-00-00',0),
(25,'0','','','','0000-00-00','0000-00-00',0),
(26,'0','','','','0000-00-00','0000-00-00',0),
(27,'0','','','','0000-00-00','0000-00-00',0),
(28,'0','','','','0000-00-00','0000-00-00',0),
(29,'0','','','','0000-00-00','0000-00-00',0),
(30,'0','','','','0000-00-00','0000-00-00',0),
(31,'0','','','','0000-00-00','0000-00-00',0),
(32,'0','','','','0000-00-00','0000-00-00',0),
(33,'0','','','','0000-00-00','0000-00-00',0),
(34,'0','','','','0000-00-00','0000-00-00',0),
(35,'0','','','','0000-00-00','0000-00-00',0),
(36,'0','','','','0000-00-00','0000-00-00',0),
(37,'0','','','','0000-00-00','0000-00-00',0),
(38,'0','','','','0000-00-00','0000-00-00',0),
(39,'0','','','','0000-00-00','0000-00-00',0),
(40,'0','','','','0000-00-00','0000-00-00',0),
(41,'0','','','','0000-00-00','0000-00-00',164),
(42,'0','','','','0000-00-00','0000-00-00',165),
(43,'0','','','','0000-00-00','0000-00-00',166),
(44,'0','','','','0000-00-00','0000-00-00',167),
(45,'0','','','','0000-00-00','0000-00-00',168),
(46,'0','','','','0000-00-00','0000-00-00',169),
(47,'0','','','','0000-00-00','0000-00-00',170),
(48,'0','','','','0000-00-00','0000-00-00',171),
(49,'0','','','','0000-00-00','0000-00-00',172),
(50,'0','','','','0000-00-00','0000-00-00',173),
(51,'0','','','','0000-00-00','0000-00-00',174),
(52,'0','','','','0000-00-00','0000-00-00',175),
(53,'0','','','','0000-00-00','0000-00-00',176),
(54,'0','','','','0000-00-00','0000-00-00',177),
(55,'0','','','','0000-00-00','0000-00-00',178),
(56,'0','','','','0000-00-00','0000-00-00',180);

/*Table structure for table `data_novedad` */

DROP TABLE IF EXISTS `data_novedad`;

CREATE TABLE `data_novedad` (
  `id_data_novedad` int(10) NOT NULL AUTO_INCREMENT,
  `nom1_novedad` varchar(255) NOT NULL,
  `nom2_novedad` varchar(255) NOT NULL,
  `apellido1_novedad` varchar(255) NOT NULL,
  `apellido2_novedad` varchar(255) NOT NULL,
  `t_doc_novedad` varchar(255) NOT NULL,
  `nro_doc_novedad` varchar(255) NOT NULL,
  `sexo` varchar(255) NOT NULL,
  `fecha_nac` date NOT NULL,
  `fecha_ini` date NOT NULL,
  `eps_anterior` varchar(255) NOT NULL,
  `traslado` varchar(255) NOT NULL,
  `compensacion_familiar` varchar(255) NOT NULL,
  `id_novedad` int(10) NOT NULL,
  PRIMARY KEY (`id_data_novedad`)
) ENGINE=InnoDB AUTO_INCREMENT=55 DEFAULT CHARSET=latin1;

/*Data for the table `data_novedad` */

insert  into `data_novedad`(`id_data_novedad`,`nom1_novedad`,`nom2_novedad`,`apellido1_novedad`,`apellido2_novedad`,`t_doc_novedad`,`nro_doc_novedad`,`sexo`,`fecha_nac`,`fecha_ini`,`eps_anterior`,`traslado`,`compensacion_familiar`,`id_novedad`) values 
(1,'8','8','8','8','5','8','2','2018-11-23','2018-11-16','8','8','8',5),
(2,'','','','','0','','0','0000-00-00','0000-00-00','','','',0),
(3,'','','','','0','','0','0000-00-00','0000-00-00','','','',0),
(4,'','','','','0','','0','0000-00-00','0000-00-00','','','',0),
(5,'','','','','0','','0','0000-00-00','0000-00-00','','','',0),
(6,'','','','','0','','0','0000-00-00','0000-00-00','','','',0),
(7,'','','','','0','','0','0000-00-00','0000-00-00','','','',0),
(8,'','','','','0','','0','0000-00-00','0000-00-00','','','',0),
(9,'','','','','0','','0','0000-00-00','0000-00-00','','','',0),
(10,'','','','','0','','0','0000-00-00','0000-00-00','','','',0),
(11,'','','','','0','','0','0000-00-00','0000-00-00','','','',0),
(12,'','','','','0','','0','0000-00-00','0000-00-00','','','',0),
(13,'','','','','0','','0','0000-00-00','0000-00-00','','','',0),
(14,'','','','','0','','0','0000-00-00','0000-00-00','','','',0),
(15,'','','','','0','','0','0000-00-00','0000-00-00','','','',0),
(16,'','','','','0','','0','0000-00-00','0000-00-00','','','',0),
(17,'','','','','0','','0','0000-00-00','0000-00-00','','','',0),
(18,'','','','','0','','0','0000-00-00','0000-00-00','','','',0),
(19,'','','','','0','','0','0000-00-00','0000-00-00','','','',0),
(20,'','','','','0','','0','0000-00-00','0000-00-00','','','',0),
(21,'','','','','0','','0','0000-00-00','0000-00-00','','','',0),
(22,'','','','','0','','0','0000-00-00','0000-00-00','','','',0),
(23,'','','','','0','','0','0000-00-00','0000-00-00','','','',0),
(24,'','','','','0','','0','0000-00-00','0000-00-00','','','',0),
(25,'','','','','0','','0','0000-00-00','0000-00-00','','','',0),
(26,'','','','','0','','0','0000-00-00','0000-00-00','','','',0),
(27,'','','','','0','','0','0000-00-00','0000-00-00','','','',0),
(28,'','','','','0','','0','0000-00-00','0000-00-00','','','',0),
(29,'','','','','0','','0','0000-00-00','0000-00-00','','','',0),
(30,'','','','','0','','0','0000-00-00','0000-00-00','','','',0),
(31,'','','','','0','','0','0000-00-00','0000-00-00','','','',0),
(32,'','','','','0','','0','0000-00-00','0000-00-00','','','',0),
(33,'','','','','0','','0','0000-00-00','0000-00-00','','','',0),
(34,'','','','','0','','0','0000-00-00','0000-00-00','','','',0),
(35,'','','','','0','','0','0000-00-00','0000-00-00','','','',0),
(36,'','','','','0','','0','0000-00-00','0000-00-00','','','',0),
(37,'','','','','0','','0','0000-00-00','0000-00-00','','','',0),
(38,'','','','','0','','0','0000-00-00','0000-00-00','','','',0),
(39,'','','','','0','','0','0000-00-00','0000-00-00','','','',43),
(40,'','','','','0','','0','0000-00-00','0000-00-00','','','',44),
(41,'','','','','0','','0','0000-00-00','0000-00-00','','','',45),
(42,'','','','','0','','0','0000-00-00','0000-00-00','','','',46),
(43,'','','','','0','','0','0000-00-00','0000-00-00','','','',47),
(44,'','','','','0','','0','0000-00-00','0000-00-00','','','',48),
(45,'','','','','0','','0','0000-00-00','0000-00-00','','','',49),
(46,'','','','','0','','0','0000-00-00','0000-00-00','','','',50),
(47,'','','','','0','','0','0000-00-00','0000-00-00','','','',51),
(48,'','','','','0','','0','0000-00-00','0000-00-00','','','',52),
(49,'','','','','0','','0','0000-00-00','0000-00-00','','','',53),
(50,'','','','','0','','0','0000-00-00','0000-00-00','','','',54),
(51,'','','','','0','','0','0000-00-00','0000-00-00','','','',55),
(52,'','','','','0','','0','0000-00-00','0000-00-00','','','',56),
(53,'','','','','0','','0','0000-00-00','0000-00-00','','','',57),
(54,'','','','','0','','0','0000-00-00','0000-00-00','','','',58);

/*Table structure for table `data_solicitante_afiliacion` */

DROP TABLE IF EXISTS `data_solicitante_afiliacion`;

CREATE TABLE `data_solicitante_afiliacion` (
  `id_data_solicitante` int(10) NOT NULL AUTO_INCREMENT,
  `id_afiliacion` int(10) NOT NULL,
  `nom1_solic` varchar(255) NOT NULL,
  `nom2_solic` varchar(255) NOT NULL,
  `apellido1_solic` varchar(255) NOT NULL,
  `apellido2_solic` varchar(255) NOT NULL,
  `tipo_doc_id` varchar(25) NOT NULL,
  `nro_doc_id` varchar(20) NOT NULL,
  `fecha_nac` date NOT NULL,
  `edad` varchar(255) NOT NULL,
  `sexo` varchar(10) NOT NULL,
  `etnia` varchar(15) NOT NULL,
  `condicion` varchar(255) NOT NULL,
  `discapacidad` varchar(255) NOT NULL,
  `pts_nivel_sisben` varchar(255) NOT NULL,
  `admin_riesgos` varchar(255) NOT NULL,
  `admin_pension` varchar(255) NOT NULL,
  `ingreso_cotiz` varchar(255) NOT NULL,
  `direccion` varchar(255) NOT NULL,
  `zona` varchar(255) NOT NULL,
  `localidad` varchar(255) NOT NULL,
  `barrio` varchar(255) NOT NULL,
  `municipio` varchar(255) NOT NULL,
  `departamento` varchar(255) NOT NULL,
  `tlf_cell` varchar(255) NOT NULL,
  `tlf_hab` varchar(255) NOT NULL,
  `correo` varchar(255) NOT NULL,
  `codigo` varchar(255) NOT NULL,
  PRIMARY KEY (`id_data_solicitante`)
) ENGINE=InnoDB AUTO_INCREMENT=53 DEFAULT CHARSET=latin1;

/*Data for the table `data_solicitante_afiliacion` */

insert  into `data_solicitante_afiliacion`(`id_data_solicitante`,`id_afiliacion`,`nom1_solic`,`nom2_solic`,`apellido1_solic`,`apellido2_solic`,`tipo_doc_id`,`nro_doc_id`,`fecha_nac`,`edad`,`sexo`,`etnia`,`condicion`,`discapacidad`,`pts_nivel_sisben`,`admin_riesgos`,`admin_pension`,`ingreso_cotiz`,`direccion`,`zona`,`localidad`,`barrio`,`municipio`,`departamento`,`tlf_cell`,`tlf_hab`,`correo`,`codigo`) values 
(2,0,'1','1','1','1','1','1','2018-11-02','','2','','0','0','','','','','','','0','','','','','','',''),
(7,0,'1','1','1','1','1','1','2018-11-02','','2','','0','0','','','','','','','0','','','','','','',''),
(8,0,'1','1','1','1','1','1','2018-11-02','','2','','0','0','','','','','','','0','','','','','','',''),
(9,0,'1','1','1','1','1','1','2018-11-02','','2','','0','0','','','','','','','0','','','','','','',''),
(10,0,'1','1','1','1','1','1','2018-11-02','','2','','0','0','','','','','','','0','','','','','','',''),
(11,0,'1','1','1','1','1','1','2018-11-02','','2','','0','0','','','','','','','0','','','','','','',''),
(12,0,'1','1','1','1','1','1','2018-11-02','','2','','0','0','','','','','','','0','','','','','','',''),
(13,0,'1','1','1','1','1','1','2018-11-02','','2','','0','0','','','','','','','0','','','','','','',''),
(14,0,'1','1','1','1','1','1','2018-11-02','','2','','0','0','','','','','','','0','','','','','','',''),
(15,0,'1','1','1','1','1','1','2018-11-02','','2','','0','0','','','','','','','0','','','','','','',''),
(16,0,'1','1','1','1','1','1','2018-11-02','','2','','0','0','','','','','','','0','','','','','','',''),
(17,0,'1','1','1','1','1','1','2018-11-02','','2','','0','0','','','','','','','0','','','','','','',''),
(18,0,'1','1','1','1','1','1','2018-11-02','','2','','0','0','','','','','','','0','','','','','','',''),
(19,0,'1','1','1','1','1','1','2018-11-02','','2','','0','0','','','','','','','0','','','','','','',''),
(20,0,'1','1','1','1','1','1','2018-11-02','','2','','0','0','','','','','','','0','','','','','','',''),
(21,0,'1','1','1','1','1','1','2018-11-02','','2','','0','0','','','','','','','0','','','','','','',''),
(22,0,'1','1','1','1','1','1','2018-11-02','','2','','0','0','','','','','','','0','','','','','','',''),
(23,0,'1','1','1','1','1','1','2018-11-02','','2','','0','0','','','','','','','0','','','','','','',''),
(24,0,'1','1','1','1','1','1','2018-11-02','','2','','0','0','','','','','','','0','','','','','','',''),
(25,0,'1','1','1','1','1','1','2018-11-02','','2','','0','0','','','','','','','0','','','','','','',''),
(26,0,'1','1','1','1','1','1','2018-11-02','','2','','0','0','','','','','','','0','','','','','','',''),
(27,0,'1','1','1','1','1','1','2018-11-02','','2','','0','0','','','','','','','0','','','','','','',''),
(28,0,'1','1','1','1','1','1','2018-11-02','','2','','0','0','','','','','','','0','','','','','','',''),
(29,0,'1','1','1','1','1','1','2018-11-02','','2','','0','0','','','','','','','0','','','','','','',''),
(30,0,'1','1','1','1','1','1','2018-11-02','','2','','0','0','','','','','','','0','','','','','','',''),
(31,0,'1','1','1','1','1','1','2018-11-02','','2','','0','0','','','','','','','0','','','','','','',''),
(32,0,'1','1','1','1','1','1','2018-11-02','','2','','0','0','','','','','','','0','','','','','','',''),
(33,0,'1','1','1','1','1','1','2018-11-02','','2','','0','0','','','','','','','0','','','','','','',''),
(34,0,'1','1','1','1','1','1','2018-11-02','','2','','0','0','','','','','','','0','','','','','','',''),
(35,0,'Larua','lelena','no se','Bracho','1','18331059','2018-11-19','','2','','0','0','','','','','','','0','','','','','','',''),
(36,126,'1','1','1','1','1','1','2018-11-15','','1','1','1','1','1','1','1','1','1','1','0','1','1','1','1','1','1','1@correo.com'),
(37,164,'maria','camila','perez','garcia','3','1234567890','0000-00-00','','1','','0','','','SSS COLMENA RIESGOS PROFESIONALES S.A.','SSS PROTECCION FONDO DE PENSIONES OBLIGATORIAS','800000','cra 20 #50-18','2','barranquilla','barranquilla','','2','3222222','5865214','','1234'),
(38,165,'','','','','0','','0000-00-00','','0','','0','','','','','','','0','','','','','','','','1234'),
(39,166,'maria','camila','perez','garcia','7','','0000-00-00','','2','','2','0','','','','','','0','','','','','','','','1234'),
(40,167,'','','','','0','','0000-00-00','','0','','0','','','','','','','0','','','','','','','','1234'),
(41,168,'','','','','0','','0000-00-00','','0','','0','','','','','','','0','','','','','','','','1234'),
(42,169,'','','','','0','','0000-00-00','','0','','0','','','','','','','0','','','','','','','','1234'),
(43,170,'','','','','0','','0000-00-00','','0','','0','','','','','','','0','','','','','','','','1234'),
(44,171,'','','','','0','','0000-00-00','','0','','0','','','','','','','0','','','','','','','','1234'),
(45,172,'','','','','0','','0000-00-00','','0','','0','','','','','','','0','','','','','','','','1234'),
(46,173,'','','','','0','','0000-00-00','','0','','0','','','','','','','0','','','','','','','','1234'),
(47,174,'','','','','0','','0000-00-00','','0','','0','','','','','','','0','','','','','','','','1234'),
(48,175,'','','','','0','','0000-00-00','','0','','0','','','','','','','0','','','','','','','','1234'),
(49,176,'','','','','0','','0000-00-00','','0','','0','','','','','','','0','','','','','','','','1234'),
(50,177,'','','','','0','','0000-00-00','','0','','0','','','','','','','0','','','','','','','','1234'),
(51,178,'','','','','0','','0000-00-00','','0','','0','','','','','','','0','','','','','','','','1234'),
(52,180,'','','','','0','','0000-00-00','','0','0','','','','','','','0','','','','','','','','1234','');

/*Table structure for table `declaracion_autorizacion` */

DROP TABLE IF EXISTS `declaracion_autorizacion`;

CREATE TABLE `declaracion_autorizacion` (
  `id` int(10) NOT NULL AUTO_INCREMENT,
  `dep_economica` varchar(255) DEFAULT NULL,
  `entrega_docs` varchar(255) DEFAULT NULL,
  `interm_cotizante` varchar(255) DEFAULT NULL,
  `eps_datos_cotizante` varchar(255) DEFAULT NULL,
  `reporte_info_eps` varchar(255) DEFAULT NULL,
  `manejo_datoseps_cotizante` varchar(255) DEFAULT NULL,
  `eps_envio_info_correo` varchar(255) DEFAULT NULL,
  `oblig_afiliacion` varchar(255) DEFAULT NULL,
  `id_afiliacion` int(10) NOT NULL,
  PRIMARY KEY (`id`)
) ENGINE=MyISAM DEFAULT CHARSET=latin1;

/*Data for the table `declaracion_autorizacion` */

/*Table structure for table `departamentos` */

DROP TABLE IF EXISTS `departamentos`;

CREATE TABLE `departamentos` (
  `id_dpto` int(10) NOT NULL AUTO_INCREMENT,
  `dpto` varchar(255) NOT NULL,
  `cod_dpto` int(10) NOT NULL,
  `status_depto` varchar(2) NOT NULL,
  PRIMARY KEY (`id_dpto`)
) ENGINE=MyISAM AUTO_INCREMENT=34 DEFAULT CHARSET=latin1;

/*Data for the table `departamentos` */

insert  into `departamentos`(`id_dpto`,`dpto`,`cod_dpto`,`status_depto`) values 
(1,'Antioquia',5,''),
(2,'Atlantico',8,''),
(3,'D. C. Santa Fe de Bogotá',11,''),
(4,'Bolivar',13,''),
(5,'Boyaca',15,''),
(6,'Caldas',17,''),
(7,'Caqueta',18,''),
(8,'Cauca',19,''),
(9,'Cesar',20,''),
(10,'Cordova',23,''),
(11,'Cundinamarca',25,''),
(12,'Choco',27,''),
(13,'Huila',41,''),
(14,'La Guajira',44,''),
(15,'Magdalena',47,''),
(16,'Meta',50,''),
(17,'Nariño',52,''),
(18,'Norte de Santander',54,''),
(19,'Quindio',63,''),
(20,'Risaralda',66,''),
(21,'Santander',68,''),
(22,'Sucre',70,''),
(23,'Tolima',73,''),
(24,'Valle',76,''),
(25,'Arauca',81,''),
(26,'Casanare',85,''),
(27,'Putumayo',86,''),
(28,'San Andres',88,''),
(29,'Amazonas',91,''),
(30,'Guainia',94,''),
(31,'Guaviare',95,''),
(32,'Vaupes',97,''),
(33,'Vichada',99,'');

/*Table structure for table `doctores` */

DROP TABLE IF EXISTS `doctores`;

CREATE TABLE `doctores` (
  `id_doctor` int(10) NOT NULL AUTO_INCREMENT,
  `doc_nombre` varchar(255) NOT NULL,
  `doc_apellido` varchar(255) NOT NULL,
  `doc_departamento` varchar(255) NOT NULL,
  `doc_direccion` varchar(255) NOT NULL,
  `doc_email` varchar(255) NOT NULL,
  `tlf_cel` varchar(15) NOT NULL,
  `tlf_hab` varchar(15) NOT NULL,
  `sueldo` varchar(11) NOT NULL,
  `doc_img` varchar(255) NOT NULL,
  `biografia` text NOT NULL,
  `fecha_nac` date NOT NULL,
  `status_doctor` int(2) NOT NULL DEFAULT '1',
  PRIMARY KEY (`id_doctor`)
) ENGINE=InnoDB AUTO_INCREMENT=7 DEFAULT CHARSET=latin1;

/*Data for the table `doctores` */

insert  into `doctores`(`id_doctor`,`doc_nombre`,`doc_apellido`,`doc_departamento`,`doc_direccion`,`doc_email`,`tlf_cel`,`tlf_hab`,`sueldo`,`doc_img`,`biografia`,`fecha_nac`,`status_doctor`) values 
(1,'andres','estrada','cirujano','Bogota-Colombia','andres@gmail.com','1234678','123456789','3.500.000','','','2018-11-08',1),
(2,'laura','blanco','Microbiology','santa teresa del tuy','laura@gmail.com','123456799','1234567878','2.500.500','d3.png','','2018-11-01',1),
(6,'Jose Alberto','Marin Puertas','Gynaecology','Miranda - Venezuela','josealberto.marzx@gmail.com','04141372984','02392316571','3.000.000','C:fakepath14390932_10210830314811589_2157077740217061007_n.jpg','Proactivo, eficiente','1991-06-03',1);

/*Table structure for table `eps_afiliacion` */

DROP TABLE IF EXISTS `eps_afiliacion`;

CREATE TABLE `eps_afiliacion` (
  `id_eps` int(10) NOT NULL AUTO_INCREMENT,
  `gestor` varchar(255) NOT NULL,
  `nombre_comercial` varchar(255) NOT NULL,
  `observaciones` varchar(255) NOT NULL,
  `ciudad` varchar(255) NOT NULL,
  `fecha` date NOT NULL,
  PRIMARY KEY (`id_eps`)
) ENGINE=InnoDB AUTO_INCREMENT=48 DEFAULT CHARSET=latin1;

/*Data for the table `eps_afiliacion` */

insert  into `eps_afiliacion`(`id_eps`,`gestor`,`nombre_comercial`,`observaciones`,`ciudad`,`fecha`) values 
(1,'DANIT BLACINA IZQUIERDO TORRES','ASOCIACION DE CABILDOS INDIGENAS DEL CESAR Y LA GUAJIRA \"DUSAKAWI EPSI\"','','VALLEDUPAR','2018-11-28'),
(2,'SAUL LUCAS LUCAS','ASOCIACION  DE CABILDOS  DEL RESGUARDO INDIGENA ZENU DE SAN ANDRES DE SOTAVENTO CORDOBA Y SUCRE MANEXKA','','SAN ANDRES DE SOTAVENTO\r\n','2018-11-28'),
(3,'GILBERTO MUÑOZ CORONADO\r\n','ASOCIACION INDIGENA DEL CAUCA A.I.C. EPSI','','POPAYAN','2018-11-28'),
(4,'BEDA MARGARITA SUAREZ AGUILAR','EMPRESA PROMOTORA DE SALUD INDÍGENA ANAS WAYUU EPSI','','MAICAO','2018-11-28'),
(5,'ENRIQUEZ MIRANDA FABIO EDMUNDO','ENTIDAD PROMOTORA DE SALUD MALLAMAS EPSI','','IPIALES','2018-11-28'),
(6,'JOSE RENE DUCUARA DUCUARA','PIJAOS SALUD EPSI','','IBAGUE','2018-11-29'),
(7,'JORGE NICOLAS OLANO MEJIA ','EMPRESA MUTUAL PARA EL DESARROLLO INTEGRAL DE LA SALUD E.S.S \"EMDISALUD E.S.S EPS-S\"','','MONTERÍA\r\n','2018-11-29'),
(8,'JAIME MIGUEL GONZALEZ MONTAÑO','COOPERATIVA EMPRESA SOLIDARIA DE SALUD Y DESARROLLO INTEGRAL “COOSALUD E.S.S.” ENTIDAD PROMOTORA DEL RÉGIMEN SUBSIDIADO EPS-S','','CARTAGENA','2018-11-29'),
(9,'GUSTAVO ADOLFO AGUILAR VIVAS ','ASOCIACIÓN MUTUAL LA ESPERANZA “ASMET SALUD E.S.S EPS S','','POPAYÁN','2018-11-29'),
(10,'ARIEL PALACIOS CALDERON ','ASOCIACION MUTUAL BARRIOS UNIDOS DE QUIBDO AMBUQ EPS-S ESS','','BARRANQUILLA\r\n','2018-11-29'),
(11,'MARIA MAGDALENA FLOREZ RAMOS','ENTIDAD COOPERATIVA SOLIDARIA DE SALUD ECOOPSOS ESS EPS-S','','BOGOTA D.C. ','2018-11-29'),
(12,'FAJARDO PABON CARLOS EDMUNDO','ASOCIACIÓN MUTUAL EMPRESA SOLIDARIA DE SALUD EMSSANAR E.S.S','','PASTO\r\n','2018-11-29'),
(13,'JOSE JAVIER CARDENAS MATAMOROS','COOPERATIVA DE SALUD COMUNITARIA EMPRESA PROMOTORA DE SALUD SUBSIDIADA  \"COMPARTA EPS-S\"','','BUCARAMANGA\r\n','2018-11-29'),
(14,'GALO DE JESUS VIANA MUÑOZ ','ASOCIACIÓN MUTUAL SER EMPRESA SOLIDARIA DE SALUD ESS','','CARTAGENA','2018-11-29'),
(15,'Orozman Orozco Rodriguez ','\"CAFESALUD ENTIDAD PROMOTORA DE SALUD S.A. \r\n Y TAMBIEN PODRA UTILIZAR LA DENOMINACION CAFESALUD EPS S.A.\"\r\n','','BOGOTA D.C. ','2018-11-29'),
(16,'NESTOR ORLANDO ARENAS ','MEDIMAS EPS','','BOGOTA D.C. ','2018-11-29'),
(17,'JUAN PABLO SILVA ROA','SALUDVIDA E.P.S. S.A.','','BOGOTA D.C. ','2018-11-29'),
(18,'CLAUDIA CONTANZA RIVERO BETANCUR ','CAPITAL SALUD ENTIDAD PROMOTORA DE SALUD DEL REGIMEN SUBSIDIADO SAS \"CAPITAL SALUD EPS S SAS\"','','BOGOTA D.C. \r\n','2018-11-29'),
(19,'Notificaciones Judiciales Tutelas Adriana Maria Velasquez','SAVIA SALUD - ALIANZA MEDELLIN ANTIOQUIA EPS S.A.S.','','MEDELLIN','2018-11-29'),
(20,'JORGE ARTURO SUAREZ SUAREZ\r\n','ENTIDAD PROMOTORA DE SALUD DEL REGIMEN SUBSIDIADO EPS CONVIDA\r\n','','BOGOTA D.C. \r\n','2018-11-29'),
(21,'CARDONA URIBE JOSE FERNANDO \r\n','NUEVA EMPRESA PROMOTORA DE SALUD S.A. SIGLA NUEVA EPS S.A.\r\n','','BOGOTA D.C. \r\n','2018-11-29'),
(36,'NESTOR ORLANDO ARENAS FONSECA','MEDIMAS EPS SAS','','BOGOTA D.C. ','2018-11-30'),
(37,'JAIME SANTIAGO SALAZAR SIERRA','ALIANSALUD ENTIDAD PROMOTORA DE SALUD S.A PERO TAMBIEN PODRA UTILIZAR LAS DENOMINACIONES ALIANSALUD ENTIDAD PROMOTORA DE SALUD Y/O ALIANSALUD EPS S.A Y/O ALIANSALUD EPS','','BOGOTA D.C. ','2018-11-30'),
(38,'JUAN GONZALO LOPEZ CASAS','SALUD TOTAL ENTIDAD PROMOTORA DE SALUD  DEL REGIMEN CONTRIBUTIVO Y DEL REGIMEN SUBSIDIADO S.A. PODRA UTILIZAR LA SIGLA SALUD TOTAL EPS-S S.A. ','','BOGOTA D.C. ','2018-11-30'),
(39,'Carolina Buendia Gutierrez','\"ENTIDAD PROMOTORA DE SALUD SANITAS  S.A. E.P.S. SANITAS  S.A. \"','','BOGOTA D.C. \r\n','2018-11-30'),
(40,'GABRIEL MESA NICHOLLS','EPS Y MEDICINA PREPAGADA SURAMERICANA S.A.','','MEDELLIN','2018-11-30'),
(41,'ANGELA MARIA CRUZ LIBREROS','\"COOMEVA ENTIDAD PROMOTORA DE SALUD S.A.\r\nCOOMEVA   E.P.S.  S.A.\"','','CALI','2018-11-30'),
(42,'MAURICIO OLIVERA  GONZALES SUPLENTE EDGAR ORTEGA ORTEGON ','FAMISANAR  LTDA.  CAFAM - COLSUBSIDIO E.P.S.','','BOGOTA D.C. ','2018-11-30'),
(43,'VARGAS CAMACHO JAIRO HERNANDO','ENTIDAD PROMOTORA DE SALUD SERVICIO OCCIDENTAL DE SALUD  S.A. S.O.S.','','CALI','2018-11-30'),
(44,'ANA ISABEL AGUILAR RUGELES ','CRUZ  BLANCA  ENTIDAD PROMOTORA DE SALUD S.A','','BOGOTA D.C. ','2018-11-30'),
(45,'JUAN PABLO SILVA ROA ','SALUDVIDA E.P.S. S.A.','','BOGOTA D.C. ','2018-11-30'),
(46,'JOSE FERNANDO CARDONA URIBE','NUEVA EMPRESA PROMOTORA DE SALUD S.A. SIGLA NUEVA EPS S.A.','','BOGOTA D.C. ','2018-11-30'),
(47,'CARLOS ALBERTO CARDONA MEJIA ','\"CAFESALUD ENTIDAD PROMOTORA DE SALUD S.A. \r\n Y TAMBIEN PODRA UTILIZAR LA DENOMINACION CAFESALUD EPS S.A.\"','','BOGOTA D.C. ','2018-11-30');

/*Table structure for table `equipos_salud` */

DROP TABLE IF EXISTS `equipos_salud`;

CREATE TABLE `equipos_salud` (
  `id_equipo` int(10) NOT NULL AUTO_INCREMENT,
  `nombre_empresa` varchar(255) NOT NULL,
  `nit_empresa` varchar(255) NOT NULL,
  `cod_habilitacion` varchar(255) NOT NULL,
  `nombres` varchar(255) NOT NULL,
  `apellidos` varchar(255) NOT NULL,
  `t_doc` varchar(255) NOT NULL,
  `nro_doc` varchar(255) NOT NULL,
  `profesion` varchar(255) NOT NULL,
  `sexo` varchar(255) NOT NULL,
  `depto` varchar(255) NOT NULL,
  `municipio` varchar(255) NOT NULL,
  `tlf` varchar(255) NOT NULL,
  `email` varchar(255) NOT NULL,
  `fecha_nac` date NOT NULL,
  PRIMARY KEY (`id_equipo`)
) ENGINE=MyISAM DEFAULT CHARSET=latin1;

/*Data for the table `equipos_salud` */

/*Table structure for table `funcionario_validacion_afiliacion` */

DROP TABLE IF EXISTS `funcionario_validacion_afiliacion`;

CREATE TABLE `funcionario_validacion_afiliacion` (
  `id_funcionario` int(11) NOT NULL AUTO_INCREMENT,
  `id_data_entidad_territ` int(10) NOT NULL,
  `nom1_func` varchar(255) NOT NULL,
  `nom2_func` varchar(255) NOT NULL,
  `apell1_func` varchar(255) NOT NULL,
  `apell2_func` varchar(255) NOT NULL,
  `nro_identidad` varchar(255) NOT NULL,
  `observaciones` varchar(255) NOT NULL,
  PRIMARY KEY (`id_funcionario`)
) ENGINE=InnoDB AUTO_INCREMENT=20 DEFAULT CHARSET=latin1;

/*Data for the table `funcionario_validacion_afiliacion` */

insert  into `funcionario_validacion_afiliacion`(`id_funcionario`,`id_data_entidad_territ`,`nom1_func`,`nom2_func`,`apell1_func`,`apell2_func`,`nro_identidad`,`observaciones`) values 
(1,1,'8','8','8','8','8','8'),
(2,2,'8','8','8','8','8','8'),
(3,3,'8','8','8','8','8','8'),
(4,41,'','','','','',''),
(5,42,'','','','','',''),
(6,43,'','','','','',''),
(7,44,'','','','','',''),
(8,45,'','','','','',''),
(9,46,'','','','','',''),
(10,47,'','','','','',''),
(11,48,'','','','','',''),
(12,49,'','','','','',''),
(13,50,'','','','','',''),
(14,51,'','','','','',''),
(15,52,'','','','','',''),
(16,53,'','','','','',''),
(17,54,'','','','','',''),
(18,55,'','','','','',''),
(19,56,'','','','','','');

/*Table structure for table `municipios` */

DROP TABLE IF EXISTS `municipios`;

CREATE TABLE `municipios` (
  `id_munic` int(10) NOT NULL AUTO_INCREMENT,
  `id_dpto` int(10) NOT NULL,
  `cod_munic` int(11) NOT NULL,
  `municipio` varchar(255) NOT NULL,
  PRIMARY KEY (`id_munic`)
) ENGINE=MyISAM AUTO_INCREMENT=1127 DEFAULT CHARSET=latin1;

/*Data for the table `municipios` */

insert  into `municipios`(`id_munic`,`id_dpto`,`cod_munic`,`municipio`) values 
(1,1,1,'MEDELLIN'),
(2,1,2,'ABEJORRAL'),
(3,1,4,'ABRIAQUI'),
(4,1,21,'ALEJANDRIA'),
(5,1,30,'AMAGA'),
(6,1,31,'AMALFI'),
(7,1,34,'ANDES'),
(8,1,36,'ANGELOPOLIS'),
(9,1,38,'ANGOSTURA'),
(10,1,40,'ANORI'),
(11,1,42,'ANTIOQUIA'),
(12,1,44,'ANZA'),
(13,1,45,'APARTADO'),
(14,1,51,'ARBOLETES'),
(15,1,55,'ARGELIA'),
(16,1,59,'ARMENIA'),
(17,1,79,'BARBOSA'),
(18,1,86,'BELMIRA'),
(19,1,88,'BELLO'),
(20,1,91,'BETANIA'),
(21,1,93,'BETULIA'),
(22,1,101,'BOLIVAR'),
(23,1,107,'BRICEÑO'),
(24,1,113,'BURITICA'),
(25,1,120,'CACERES'),
(26,1,125,'CAICEDO'),
(27,1,129,'CALDAS'),
(28,1,134,'CAMPAMENTO'),
(29,1,138,'CAÑASGORDAS'),
(30,1,142,'CARACOLI'),
(31,1,145,'CARAMANTA'),
(32,1,147,'CAREPA'),
(33,1,148,'CARMEN DE VIBORAL'),
(34,1,150,'CAROLINA'),
(35,1,154,'CAUCASIA'),
(36,1,172,'CHIGORODO'),
(37,1,190,'CISNEROS'),
(38,1,197,'COCORNA'),
(39,1,206,'CONCEPCION'),
(40,1,209,'CONCORDIA'),
(41,1,212,'COPACABANA'),
(42,1,234,'DABEIBA'),
(43,1,237,'DON MATIAS'),
(44,1,240,'EBEJICO'),
(45,1,250,'EL BAGRE'),
(46,1,264,'ENTRERRIOS'),
(47,1,266,'ENVIGADO'),
(48,1,282,'FREDONIA'),
(49,1,284,'FRONTINO'),
(50,1,306,'GIRALDO'),
(51,1,308,'GIRARDOTA'),
(52,1,310,'GOMEZ PLATA'),
(53,1,313,'GRANADA'),
(54,1,315,'GUADALUPE'),
(55,1,318,'GUARNE'),
(56,1,321,'GUATAPE'),
(57,1,347,'HELICONIA'),
(58,1,353,'HISPANIA'),
(59,1,360,'ITAGUI'),
(60,1,361,'ITUANGO'),
(61,1,364,'JARDIN'),
(62,1,368,'JERICO'),
(63,1,376,'LA CEJA'),
(64,1,380,'LA ESTRELLA'),
(65,1,390,'LA PINTADA'),
(66,1,400,'LA UNION'),
(67,1,411,'LIBORINA'),
(68,1,425,'MACEO'),
(69,1,440,'MARINILLA'),
(70,1,467,'MONTEBELLO'),
(71,1,475,'MURINDO'),
(72,1,480,'MUTATA'),
(73,1,483,'NARIÑO'),
(74,1,490,'NECOCLI'),
(75,1,495,'NECHI'),
(76,1,501,'OLAYA'),
(77,1,541,'PEÑOL'),
(78,1,543,'PEQUE'),
(79,1,576,'PUEBLORRICO'),
(80,1,579,'PUERTO BERRIO'),
(81,1,585,'PUERTO NARE (LA MAGDALENA)'),
(82,1,591,'PUERTO TRIUNFO'),
(83,1,604,'REMEDIOS'),
(84,1,607,'RETIRO'),
(85,1,615,'RIONEGRO'),
(86,1,628,'SABANALARGA'),
(87,1,631,'SABANETA'),
(88,1,642,'SALGAR'),
(89,1,647,'SAN ANDRES'),
(90,1,649,'SAN CARLOS'),
(91,1,652,'SAN FRANCISCO'),
(92,1,656,'SAN JERONIMO'),
(93,1,658,'SAN JOSE DE LA MONTAÑA'),
(94,1,659,'SAN JUAN DE URABA'),
(95,1,660,'SAN LUIS'),
(96,1,664,'SAN PEDRO'),
(97,1,665,'SAN PEDRO DE URABA'),
(98,1,667,'SAN RAFAEL'),
(99,1,670,'SAN ROQUE'),
(100,1,674,'SAN VICENTE'),
(101,1,679,'SANTA BARBARA'),
(102,1,686,'SANTA ROSA DE OSOS'),
(103,1,690,'SANTO DOMINGO'),
(104,1,697,'SANTUARIO'),
(105,1,736,'SEGOVIA'),
(106,1,756,'SONSON'),
(107,1,761,'SOPETRAN'),
(108,1,789,'TAMESIS'),
(109,1,790,'TARAZA'),
(110,1,792,'TARSO'),
(111,1,809,'TITIRIBI'),
(112,1,819,'TOLEDO'),
(113,1,837,'TURBO'),
(114,1,842,'URAMITA'),
(115,1,847,'URRAO'),
(116,1,854,'VALDIVIA'),
(117,1,856,'VALPARAISO'),
(118,1,858,'VEGACHI'),
(119,1,861,'VENECIA'),
(120,1,873,'VIGIA DEL FUERTE'),
(121,1,885,'YALI'),
(122,1,887,'YARUMAL'),
(123,1,890,'YOLOMBO'),
(124,1,893,'YONDO'),
(125,1,895,'ZARAGOZA'),
(126,2,1,'BARRANQUILLA (DISTRITO ESPECIAL INDUSTRIAL Y PORTUARIO DE BARRANQUILLA)'),
(127,2,78,'BARANOA'),
(128,2,137,'CAMPO DE LA CRUZ'),
(129,2,141,'CANDELARIA'),
(130,2,296,'GALAPA'),
(131,2,372,'JUAN DE ACOSTA'),
(132,2,421,'LURUACO'),
(133,2,433,'MALAMBO'),
(134,2,436,'MANATI'),
(135,2,520,'PALMAR DE VARELA'),
(136,2,549,'PIOJO'),
(137,2,558,'POLO NUEVO'),
(138,2,560,'PONEDERA'),
(139,2,573,'PUERTO COLOMBIA'),
(140,2,606,'REPELON'),
(141,2,634,'SABANAGRANDE'),
(142,2,638,'SABANALARGA'),
(143,2,675,'SANTA LUCIA'),
(144,2,685,'SANTO TOMAS'),
(145,2,758,'SOLEDAD'),
(146,2,770,'SUAN'),
(147,2,832,'TUBARA'),
(148,2,849,'USIACURI'),
(149,3,1,'Santa Fe de Bogotá'),
(150,3,1,'USAQUEN'),
(151,3,2,'CHAPINERO'),
(152,3,3,'SANTA FE'),
(153,3,4,'SAN CRISTOBAL'),
(154,3,5,'USME'),
(155,3,6,'TUNJUELITO'),
(156,3,7,'BOSA'),
(157,3,8,'KENNEDY'),
(158,3,9,'FONTIBON'),
(159,3,10,'ENGATIVA'),
(160,3,11,'SUBA'),
(161,3,12,'BARRIOS UNIDOS'),
(162,3,13,'TEUSAQUILLO'),
(163,3,14,'MARTIRES'),
(164,3,15,'ANTONIO NARIÑO'),
(165,3,16,'PUENTE ARANDA'),
(166,3,17,'CANDELARIA'),
(167,3,18,'RAFAEL URIBE'),
(168,3,19,'CIUDAD BOLIVAR'),
(169,3,20,'SUMAPAZ'),
(170,4,1,'CARTAGENA (DISTRITO TURISTICO Y CULTURAL DE CARTAGENA)'),
(171,4,6,'ACHI'),
(172,4,30,'ALTOS DEL ROSARIO'),
(173,4,42,'ARENAL'),
(174,4,52,'ARJONA'),
(175,4,62,'ARROYOHONDO'),
(176,4,74,'BARRANCO DE LOBA'),
(177,4,140,'CALAMAR'),
(178,4,160,'CANTAGALLO'),
(179,4,188,'CICUCO'),
(180,4,212,'CORDOBA'),
(181,4,222,'CLEMENCIA'),
(182,4,244,'EL CARMEN DE BOLIVAR'),
(183,4,248,'EL GUAMO'),
(184,4,268,'EL PEÑON'),
(185,4,300,'HATILLO DE LOBA'),
(186,4,430,'MAGANGUE'),
(187,4,433,'MAHATES'),
(188,4,440,'MARGARITA'),
(189,4,442,'MARIA LA BAJA'),
(190,4,458,'MONTECRISTO'),
(191,4,468,'MOMPOS'),
(192,4,473,'MORALES'),
(193,4,549,'PINILLOS'),
(194,4,580,'REGIDOR'),
(195,4,600,'RIO VIEJO'),
(196,4,620,'SAN CRISTOBAL'),
(197,4,647,'SAN ESTANISLAO'),
(198,4,650,'SAN FERNANDO'),
(199,4,654,'SAN JACINTO'),
(200,4,655,'SAN JACINTO DEL CAUCA'),
(201,4,657,'SAN JUAN NEPOMUCENO'),
(202,4,667,'SAN MARTIN DE LOBA'),
(203,4,670,'SAN PABLO'),
(204,4,673,'SANTA CATALINA'),
(205,4,683,'SANTA ROSA'),
(206,4,688,'SANTA ROSA DEL SUR'),
(207,4,744,'SIMITI'),
(208,4,760,'SOPLAVIENTO'),
(209,4,780,'TALAIGUA NUEVO'),
(210,4,810,'TIQUISIO (PUERTO RICO)'),
(211,4,836,'TURBACO'),
(212,4,838,'TURBANA'),
(213,4,873,'VILLANUEVA'),
(214,4,894,'ZAMBRANO'),
(215,5,1,'TUNJA'),
(216,5,22,'ALMEIDA'),
(217,5,47,'AQUITANIA'),
(218,5,51,'ARCABUCO'),
(219,5,87,'BELEN'),
(220,5,90,'BERBEO'),
(221,5,92,'BETEITIVA'),
(222,5,97,'BOAVITA'),
(223,5,104,'BOYACA'),
(224,5,106,'BRICEÑO'),
(225,5,109,'BUENAVISTA'),
(226,5,114,'BUSBANZA'),
(227,5,131,'CALDAS'),
(228,5,135,'CAMPOHERMOSO'),
(229,5,162,'CERINZA'),
(230,5,172,'CHINAVITA'),
(231,5,176,'CHIQUINQUIRA'),
(232,5,180,'CHISCAS'),
(233,5,183,'CHITA'),
(234,5,185,'CHITARAQUE'),
(235,5,187,'CHIVATA'),
(236,5,189,'CIENEGA'),
(237,5,204,'COMBITA'),
(238,5,212,'COPER'),
(239,5,215,'CORRALES'),
(240,5,218,'COVARACHIA'),
(241,5,223,'CUBARA'),
(242,5,224,'CUCAITA'),
(243,5,226,'CUITIVA'),
(244,5,232,'CHIQUIZA'),
(245,5,236,'CHIVOR'),
(246,5,238,'DUITAMA'),
(247,5,244,'EL COCUY'),
(248,5,248,'EL ESPINO'),
(249,5,272,'FIRAVITOBA'),
(250,5,276,'FLORESTA'),
(251,5,293,'GACHANTIVA'),
(252,5,296,'GAMEZA'),
(253,5,299,'GARAGOA'),
(254,5,317,'GUACAMAYAS'),
(255,5,322,'GUATEQUE'),
(256,5,325,'GUAYATA'),
(257,5,332,'GUICAN'),
(258,5,362,'IZA'),
(259,5,367,'JENESANO'),
(260,5,368,'JERICO'),
(261,5,377,'LABRANZAGRANDE'),
(262,5,380,'LA CAPILLA'),
(263,5,401,'LA VICTORIA'),
(264,5,403,'LA UVITA'),
(265,5,407,'VILLA DE LEIVA'),
(266,5,425,'MACANAL'),
(267,5,442,'MARIPI'),
(268,5,455,'MIRAFLORES'),
(269,5,464,'MONGUA'),
(270,5,466,'MONGUI'),
(271,5,469,'MONIQUIRA'),
(272,5,476,'MOTAVITA'),
(273,5,480,'MUZO'),
(274,5,491,'NOBSA'),
(275,5,494,'NUEVO COLON'),
(276,5,500,'OICATA'),
(277,5,507,'OTANCHE'),
(278,5,511,'PACHAVITA'),
(279,5,514,'PAEZ'),
(280,5,516,'PAIPA'),
(281,5,518,'PAJARITO'),
(282,5,522,'PANQUEBA'),
(283,5,531,'PAUNA'),
(284,5,533,'PAYA'),
(285,5,537,'PAZ DEL RIO'),
(286,5,542,'PESCA'),
(287,5,550,'PISBA'),
(288,5,572,'PUERTO BOYACA'),
(289,5,580,'QUIPAMA'),
(290,5,599,'RAMIRIQUI'),
(291,5,600,'RAQUIRA'),
(292,5,621,'RONDON'),
(293,5,632,'SABOYA'),
(294,5,638,'SACHICA'),
(295,5,646,'SAMACA'),
(296,5,660,'SAN EDUARDO'),
(297,5,664,'SAN JOSE DE PARE'),
(298,5,667,'SAN LUIS DE GACENO'),
(299,5,673,'SAN MATEO'),
(300,5,676,'SAN MIGUEL DE SEMA'),
(301,5,681,'SAN PABLO DE BORBUR'),
(302,5,686,'SANTANA'),
(303,5,690,'SANTA MARIA'),
(304,5,693,'SANTA ROSA DE VITERBO'),
(305,5,696,'SANTA SOFIA'),
(306,5,720,'SATIVANORTE'),
(307,5,723,'SATIVASUR'),
(308,5,740,'SIACHOQUE'),
(309,5,753,'SOATA'),
(310,5,755,'SOCOTA'),
(311,5,757,'SOCHA'),
(312,5,759,'SOGAMOSO'),
(313,5,761,'SOMONDOCO'),
(314,5,762,'SORA'),
(315,5,763,'SOTAQUIRA'),
(316,5,764,'SORACA'),
(317,5,774,'SUSACON'),
(318,5,776,'SUTAMARCHAN'),
(319,5,778,'SUTATENZA'),
(320,5,790,'TASCO'),
(321,5,798,'TENZA'),
(322,5,804,'TIBANA'),
(323,5,806,'TIBASOSA'),
(324,5,808,'TINJACA'),
(325,5,810,'TIPACOQUE'),
(326,5,814,'TOCA'),
(327,5,816,'TOGUI'),
(328,5,820,'TOPAGA'),
(329,5,822,'TOTA'),
(330,5,832,'TUNUNGUA'),
(331,5,835,'TURMEQUE'),
(332,5,837,'TUTA'),
(333,5,839,'TUTASA'),
(334,5,842,'UMBITA'),
(335,5,861,'VENTAQUEMADA'),
(336,5,879,'VIRACACHA'),
(337,5,897,'ZETAQUIRA'),
(338,6,1,'MANIZALES'),
(339,6,13,'AGUADAS'),
(340,6,42,'ANSERMA'),
(341,6,50,'ARANZAZU'),
(342,6,88,'BELALCAZAR'),
(343,6,174,'CHINCHINA'),
(344,6,272,'FILADELFIA'),
(345,6,380,'LA DORADA'),
(346,6,388,'LA MERCED'),
(347,6,433,'MANZANARES'),
(348,6,442,'MARMATO'),
(349,6,444,'MARQUETALIA'),
(350,6,446,'MARULANDA'),
(351,6,486,'NEIRA'),
(352,6,495,'NORCASIA'),
(353,6,513,'PACORA'),
(354,6,524,'PALESTINA'),
(355,6,541,'PENSILVANIA'),
(356,6,614,'RIOSUCIO'),
(357,6,616,'RISARALDA'),
(358,6,653,'SALAMINA'),
(359,6,662,'SAMANA'),
(360,6,665,'SAN JOSE'),
(361,6,777,'SUPIA'),
(362,6,867,'VICTORIA'),
(363,6,873,'VILLAMARIA'),
(364,6,877,'VITERBO'),
(365,7,1,'FLORENCIA'),
(366,7,29,'ALBANIA'),
(367,7,94,'BELEN DE LOS ANDAQUIES'),
(368,7,150,'CARTAGENA DEL CHAIRA'),
(369,7,205,'CURILLO'),
(370,7,247,'EL DONCELLO'),
(371,7,256,'EL PAUJIL'),
(372,7,410,'LA MONTAÑITA'),
(373,7,460,'MILAN'),
(374,7,479,'MORELIA'),
(375,7,592,'PUERTO RICO'),
(376,7,610,'SAN JOSE DE FRAGUA'),
(377,7,753,'SAN VICENTE DEL CAGUAN'),
(378,7,756,'SOLANO'),
(379,7,785,'SOLITA'),
(380,7,860,'VALPARAISO'),
(381,8,1,'POPAYAN'),
(382,8,22,'ALMAGUER'),
(383,8,50,'ARGELIA'),
(384,8,75,'BALBOA'),
(385,8,100,'BOLIVAR'),
(386,8,110,'BUENOS AIRES'),
(387,8,130,'CAJIBIO'),
(388,8,137,'CALDONO'),
(389,8,142,'CALOTO'),
(390,8,212,'CORINTO'),
(391,8,256,'EL TAMBO'),
(392,8,290,'FLORENCIA'),
(393,8,318,'GUAPI'),
(394,8,355,'INZA'),
(395,8,364,'JAMBALO'),
(396,8,392,'LA SIERRA'),
(397,8,397,'LA VEGA'),
(398,8,418,'LOPEZ (MICAY)'),
(399,8,450,'MERCADERES'),
(400,8,455,'MIRANDA'),
(401,8,473,'MORALES'),
(402,8,513,'PADILLA'),
(403,8,517,'PAEZ (BELALCAZAR)'),
(404,8,532,'PATIA (EL BORDO)'),
(405,8,533,'PIAMONTE'),
(406,8,548,'PIENDAMO'),
(407,8,573,'PUERTO TEJADA'),
(408,8,585,'PURACE (COCONUCO)'),
(409,8,622,'ROSAS'),
(410,8,693,'SAN SEBASTIAN'),
(411,8,698,'SANTANDER DE QUILICHAO'),
(412,8,701,'SANTA ROSA'),
(413,8,743,'SILVIA'),
(414,8,760,'SOTARA (PAISPAMBA)'),
(415,8,780,'SUAREZ'),
(416,8,807,'TIMBIO'),
(417,8,809,'TIMBIQUI'),
(418,8,821,'TORIBIO'),
(419,8,824,'TOTORO'),
(420,8,845,'VILLARICA'),
(421,9,1,'VALLEDUPAR'),
(422,9,11,'AGUACHICA'),
(423,9,13,'AGUSTIN CODAZZI'),
(424,9,32,'ASTREA'),
(425,9,45,'BECERRIL'),
(426,9,60,'BOSCONIA'),
(427,9,175,'CHIMICHAGUA'),
(428,9,178,'CHIRIGUANA'),
(429,9,228,'CURUMANI'),
(430,9,238,'EL COPEY'),
(431,9,250,'EL PASO'),
(432,9,295,'GAMARRA'),
(433,9,310,'GONZALEZ'),
(434,9,383,'LA GLORIA'),
(435,9,400,'LA JAGUA IBIRICO'),
(436,9,443,'MANAURE (BALCON DEL CESAR)'),
(437,9,517,'PAILITAS'),
(438,9,550,'PELAYA'),
(439,9,570,'PUEBLO BELLO'),
(440,9,614,'RIO DE ORO'),
(441,9,621,'LA PAZ (ROBLES)'),
(442,9,710,'SAN ALBERTO'),
(443,9,750,'SAN DIEGO'),
(444,9,770,'SAN MARTIN'),
(445,9,787,'TAMALAMEQUE'),
(446,10,1,'MONTERIA'),
(447,10,68,'AYAPEL'),
(448,10,79,'BUENAVISTA'),
(449,10,90,'CANALETE'),
(450,10,162,'CERETE'),
(451,10,168,'CHIMA'),
(452,10,182,'CHINU'),
(453,10,189,'CIENAGA DE ORO'),
(454,10,300,'COTORRA'),
(455,10,350,'LA APARTADA'),
(456,10,417,'LORICA'),
(457,10,419,'LOS CORDOBAS'),
(458,10,464,'MOMIL'),
(459,10,466,'MONTELIBANO'),
(460,10,500,'MOÑITOS'),
(461,10,555,'PLANETA RICA'),
(462,10,570,'PUEBLO NUEVO'),
(463,10,574,'PUERTO ESCONDIDO'),
(464,10,580,'PUERTO LIBERTADOR'),
(465,10,586,'PURISIMA'),
(466,10,660,'SAHAGUN'),
(467,10,670,'SAN ANDRES SOTAVENTO'),
(468,10,672,'SAN ANTERO'),
(469,10,675,'SAN BERNARDO DEL VIENTO'),
(470,10,678,'SAN CARLOS'),
(471,10,686,'SAN PELAYO'),
(472,10,807,'TIERRALTA'),
(473,10,855,'VALENCIA'),
(474,11,1,'AGUA DE DIOS'),
(475,11,19,'ALBAN'),
(476,11,35,'ANAPOIMA'),
(477,11,40,'ANOLAIMA'),
(478,11,53,'ARBELAEZ'),
(479,11,86,'BELTRAN'),
(480,11,95,'BITUIMA'),
(481,11,99,'BOJACA'),
(482,11,120,'CABRERA'),
(483,11,123,'CACHIPAY'),
(484,11,126,'CAJICA'),
(485,11,148,'CAPARRAPI'),
(486,11,151,'CAQUEZA'),
(487,11,154,'CARMEN DE CARUPA'),
(488,11,168,'CHAGUANI'),
(489,11,175,'CHIA'),
(490,11,178,'CHIPAQUE'),
(491,11,181,'CHOACHI'),
(492,11,183,'CHOCONTA'),
(493,11,200,'COGUA'),
(494,11,214,'COTA'),
(495,11,224,'CUCUNUBA'),
(496,11,245,'EL COLEGIO'),
(497,11,258,'EL PEÑON'),
(498,11,260,'EL ROSAL'),
(499,11,269,'FACATATIVA'),
(500,11,279,'FOMEQUE'),
(501,11,281,'FOSCA'),
(502,11,286,'FUNZA'),
(503,11,288,'FUQUENE'),
(504,11,290,'FUSAGASUGA'),
(505,11,293,'GACHALA'),
(506,11,295,'GACHANCIPA'),
(507,11,297,'GACHETA'),
(508,11,299,'GAMA'),
(509,11,307,'GIRARDOT'),
(510,11,312,'GRANADA'),
(511,11,317,'GUACHETA'),
(512,11,320,'GUADUAS'),
(513,11,322,'GUASCA'),
(514,11,324,'GUATAQUI'),
(515,11,326,'GUATAVITA'),
(516,11,328,'GUAYABAL DE SIQUIMA'),
(517,11,335,'GUAYABETAL'),
(518,11,339,'GUTIERREZ'),
(519,11,368,'JERUSALEN'),
(520,11,372,'JUNIN'),
(521,11,377,'LA CALERA'),
(522,11,386,'LA MESA'),
(523,11,394,'LA PALMA'),
(524,11,398,'LA PEÑA'),
(525,11,402,'LA VEGA'),
(526,11,407,'LENGUAZAQUE'),
(527,11,426,'MACHETA'),
(528,11,430,'MADRID'),
(529,11,436,'MANTA'),
(530,11,438,'MEDINA'),
(531,11,473,'MOSQUERA'),
(532,11,483,'NARIÑO'),
(533,11,486,'NEMOCON'),
(534,11,488,'NILO'),
(535,11,489,'NIMAIMA'),
(536,11,491,'NOCAIMA'),
(537,11,506,'VENECIA (OSPINA PEREZ)'),
(538,11,513,'PACHO'),
(539,11,518,'PAIME'),
(540,11,524,'PANDI'),
(541,11,530,'PARATEBUENO'),
(542,11,535,'PASCA'),
(543,11,572,'PUERTO SALGAR'),
(544,11,580,'PULI'),
(545,11,592,'QUEBRADANEGRA'),
(546,11,594,'QUETAME'),
(547,11,596,'QUIPILE'),
(548,11,599,'APULO (RAFAEL REYES)'),
(549,11,612,'RICAURTE'),
(550,11,645,'SAN ANTONIO DEL TEQUENDAMA'),
(551,11,649,'SAN BERNARDO'),
(552,11,653,'SAN CAYETANO'),
(553,11,658,'SAN FRANCISCO'),
(554,11,662,'SAN JUAN DE RIOSECO'),
(555,11,718,'SASAIMA'),
(556,11,736,'SESQUILE'),
(557,11,740,'SIBATE'),
(558,11,743,'SILVANIA'),
(559,11,745,'SIMIJACA'),
(560,11,754,'SOACHA'),
(561,11,758,'SOPO'),
(562,11,769,'SUBACHOQUE'),
(563,11,772,'SUESCA'),
(564,11,777,'SUPATA'),
(565,11,779,'SUSA'),
(566,11,781,'SUTATAUSA'),
(567,11,785,'TABIO'),
(568,11,793,'TAUSA'),
(569,11,797,'TENA'),
(570,11,799,'TENJO'),
(571,11,805,'TIBACUY'),
(572,11,807,'TIBIRITA'),
(573,11,815,'TOCAIMA'),
(574,11,817,'TOCANCIPA'),
(575,11,823,'TOPAIPI'),
(576,11,839,'UBALA'),
(577,11,841,'UBAQUE'),
(578,11,843,'UBATE'),
(579,11,845,'UNE'),
(580,11,851,'UTICA'),
(581,11,862,'VERGARA'),
(582,11,867,'VIANI'),
(583,11,871,'VILLAGOMEZ'),
(584,11,873,'VILLAPINZON'),
(585,11,875,'VILLETA'),
(586,11,878,'VIOTA'),
(587,11,885,'YACOPI'),
(588,11,898,'ZIPACON'),
(589,11,899,'ZIPAQUIRA'),
(590,12,1,'QUIBDO (SAN FRANCISCO DE QUIBDO)'),
(591,12,6,'ACANDI'),
(592,12,25,'ALTO BAUDO (PIE DE PATO)'),
(593,12,50,'ATRATO'),
(594,12,73,'BAGADO'),
(595,12,75,'BAHIA SOLANO (MUTIS)'),
(596,12,77,'BAJO BAUDO (PIZARRO)'),
(597,12,99,'BOJAYA (BELLAVISTA)'),
(598,12,135,'CANTON DE SAN PABLO (MANAGRU)'),
(599,12,205,'CONDOTO'),
(600,12,245,'EL CARMEN DE ATRATO'),
(601,12,250,'LITORAL DEL BAJO SAN JUAN (SANTA GENOVEVA DE DOCORDO)'),
(602,12,361,'ISTMINA'),
(603,12,372,'JURADO'),
(604,12,413,'LLORO'),
(605,12,425,'MEDIO ATRATO'),
(606,12,430,'MEDIO BAUDO'),
(607,12,491,'NOVITA'),
(608,12,495,'NUQUI'),
(609,12,600,'RIOQUITO'),
(610,12,615,'RIOSUCIO'),
(611,12,660,'SAN JOSE DEL PALMAR'),
(612,12,745,'SIPI'),
(613,12,787,'TADO'),
(614,12,800,'UNGUIA'),
(615,12,810,'UNION PANAMERICANA'),
(616,13,1,'NEIVA'),
(617,13,6,'ACEVEDO'),
(618,13,13,'AGRADO'),
(619,13,16,'AIPE'),
(620,13,20,'ALGECIRAS'),
(621,13,26,'ALTAMIRA'),
(622,13,78,'BARAYA'),
(623,13,132,'CAMPOALEGRE'),
(624,13,206,'COLOMBIA'),
(625,13,244,'ELIAS'),
(626,13,298,'GARZON'),
(627,13,306,'GIGANTE'),
(628,13,319,'GUADALUPE'),
(629,13,349,'HOBO'),
(630,13,357,'IQUIRA'),
(631,13,359,'ISNOS (SAN JOSE DE ISNOS)'),
(632,13,378,'LA ARGENTINA'),
(633,13,396,'LA PLATA'),
(634,13,483,'NATAGA'),
(635,13,503,'OPORAPA'),
(636,13,518,'PAICOL'),
(637,13,524,'PALERMO'),
(638,13,530,'PALESTINA'),
(639,13,548,'PITAL'),
(640,13,551,'PITALITO'),
(641,13,615,'RIVERA'),
(642,13,660,'SALADOBLANCO'),
(643,13,668,'SAN AGUSTIN'),
(644,13,676,'SANTA MARIA'),
(645,13,770,'SUAZA'),
(646,13,791,'TARQUI'),
(647,13,797,'TESALIA'),
(648,13,799,'TELLO'),
(649,13,801,'TERUEL'),
(650,13,807,'TIMANA'),
(651,13,872,'VILLAVIEJA'),
(652,13,885,'YAGUARA'),
(653,14,1,'RIOHACHA'),
(654,14,78,'BARRANCAS'),
(655,14,90,'DIBULLA'),
(656,14,98,'DISTRACCION'),
(657,14,110,'EL MOLINO'),
(658,14,279,'FONSECA'),
(659,14,378,'HATONUEVO'),
(660,14,420,'LA JAGUA DEL PILAR'),
(661,14,430,'MAICAO'),
(662,14,560,'MANAURE'),
(663,14,650,'SAN JUAN DEL CESAR'),
(664,14,847,'URIBIA'),
(665,14,855,'URUMITA'),
(666,14,874,'VILLANUEVA'),
(667,15,1,'SANTA MARTA (DISTRITO TURISTICO CULTURAL E HISTORICO DE SANTA MARTA)'),
(668,15,30,'ALGARROBO'),
(669,15,53,'ARACATACA'),
(670,15,58,'ARIGUANI (EL DIFICIL)'),
(671,15,161,'CERRO SAN ANTONIO'),
(672,15,170,'CHIVOLO'),
(673,15,189,'CIENAGA'),
(674,15,205,'CONCORDIA'),
(675,15,245,'EL BANCO'),
(676,15,258,'EL PIÑON'),
(677,15,268,'EL RETEN'),
(678,15,288,'FUNDACION'),
(679,15,318,'GUAMAL'),
(680,15,541,'PEDRAZA'),
(681,15,545,'PIJIÑO DEL CARMEN (PIJIÑO)'),
(682,15,551,'PIVIJAY'),
(683,15,555,'PLATO'),
(684,15,570,'PUEBLOVIEJO'),
(685,15,605,'REMOLINO'),
(686,15,660,'SABANAS DE SAN ANGEL'),
(687,15,675,'SALAMINA'),
(688,15,692,'SAN SEBASTIAN DE BUENAVISTA'),
(689,15,703,'SAN ZENON'),
(690,15,707,'SANTA ANA'),
(691,15,745,'SITIONUEVO'),
(692,15,798,'TENERIFE'),
(693,16,1,'VILLAVICENCIO'),
(694,16,6,'ACACIAS'),
(695,16,110,'BARRANCA DE UPIA'),
(696,16,124,'CABUYARO'),
(697,16,150,'CASTILLA LA NUEVA'),
(698,16,223,'SAN LUIS DE CUBARRAL'),
(699,16,226,'CUMARAL'),
(700,16,245,'EL CALVARIO'),
(701,16,251,'EL CASTILLO'),
(702,16,270,'EL DORADO'),
(703,16,287,'FUENTE DE ORO'),
(704,16,313,'GRANADA'),
(705,16,318,'GUAMAL'),
(706,16,325,'MAPIRIPAN'),
(707,16,330,'MESETAS'),
(708,16,350,'LA MACARENA'),
(709,16,370,'LA URIBE'),
(710,16,400,'LEJANIAS'),
(711,16,450,'PUERTO CONCORDIA'),
(712,16,568,'PUERTO GAITAN'),
(713,16,573,'PUERTO LOPEZ'),
(714,16,577,'PUERTO LLERAS'),
(715,16,590,'PUERTO RICO'),
(716,16,606,'RESTREPO'),
(717,16,680,'SAN CARLOS DE GUAROA'),
(718,16,683,'SAN JUAN DE ARAMA'),
(719,16,686,'SAN JUANITO'),
(720,16,689,'SAN MARTIN'),
(721,16,711,'VISTAHERMOSA'),
(722,17,1,'PASTO (SAN JUAN DE PASTO)'),
(723,17,19,'ALBAN (SAN JOSE)'),
(724,17,22,'ALDANA'),
(725,17,36,'ANCUYA'),
(726,17,51,'ARBOLEDA (BERRUECOS)'),
(727,17,79,'BARBACOAS'),
(728,17,83,'BELEN'),
(729,17,110,'BUESACO'),
(730,17,203,'COLON (GENOVA)'),
(731,17,207,'CONSACA'),
(732,17,210,'CONTADERO'),
(733,17,215,'CORDOBA'),
(734,17,224,'CUASPUD (CARLOSAMA)'),
(735,17,227,'CUMBAL'),
(736,17,233,'CUMBITARA'),
(737,17,240,'CHACHAGUI'),
(738,17,250,'EL CHARCO'),
(739,17,254,'EL PEÑOL'),
(740,17,256,'EL ROSARIO'),
(741,17,258,'EL TABLON'),
(742,17,260,'EL TAMBO'),
(743,17,287,'FUNES'),
(744,17,317,'GUACHUCAL'),
(745,17,320,'GUAITARILLA'),
(746,17,323,'GUALMATAN'),
(747,17,352,'ILES'),
(748,17,354,'IMUES'),
(749,17,356,'IPIALES'),
(750,17,378,'LA CRUZ'),
(751,17,381,'LA FLORIDA'),
(752,17,385,'LA LLANADA'),
(753,17,390,'LA TOLA'),
(754,17,399,'LA UNION'),
(755,17,405,'LEIVA'),
(756,17,411,'LINARES'),
(757,17,418,'LOS ANDES (SOTOMAYOR)'),
(758,17,427,'MAGUI (PAYAN)'),
(759,17,435,'MALLAMA (PIEDRANCHA)'),
(760,17,473,'MOSQUERA'),
(761,17,490,'OLAYA HERRERA (BOCAS DE SATINGA)'),
(762,17,506,'OSPINA'),
(763,17,520,'FRANCISCO PIZARRO (SALAHONDA)'),
(764,17,540,'POLICARPA'),
(765,17,560,'POTOSI'),
(766,17,565,'PROVIDENCIA'),
(767,17,573,'PUERRES'),
(768,17,585,'PUPIALES'),
(769,17,612,'RICAURTE'),
(770,17,621,'ROBERTO PAYAN (SAN JOSE)'),
(771,17,678,'SAMANIEGO'),
(772,17,683,'SANDONA'),
(773,17,685,'SAN BERNARDO'),
(774,17,687,'SAN LORENZO'),
(775,17,693,'SAN PABLO'),
(776,17,694,'SAN PEDRO DE CARTAGO'),
(777,17,696,'SANTA BARBARA (ISCUANDE)'),
(778,17,699,'SANTA CRUZ (GUACHAVES)'),
(779,17,720,'SAPUYES'),
(780,17,786,'TAMINANGO'),
(781,17,788,'TANGUA'),
(782,17,835,'TUMACO'),
(783,17,838,'TUQUERRES'),
(784,17,885,'YACUANQUER'),
(785,18,1,'CUCUTA'),
(786,18,3,'ABREGO'),
(787,18,51,'ARBOLEDAS'),
(788,18,99,'BOCHALEMA'),
(789,18,109,'BUCARASICA'),
(790,18,125,'CACOTA'),
(791,18,128,'CACHIRA'),
(792,18,172,'CHINACOTA'),
(793,18,174,'CHITAGA'),
(794,18,206,'CONVENCION'),
(795,18,223,'CUCUTILLA'),
(796,18,239,'DURANIA'),
(797,18,245,'EL CARMEN'),
(798,18,250,'EL TARRA'),
(799,18,261,'EL ZULIA'),
(800,18,313,'GRAMALOTE'),
(801,18,344,'HACARI'),
(802,18,347,'HERRAN'),
(803,18,377,'LABATECA'),
(804,18,385,'LA ESPERANZA'),
(805,18,398,'LA PLAYA'),
(806,18,405,'LOS PATIOS'),
(807,18,418,'LOURDES'),
(808,18,480,'MUTISCUA'),
(809,18,498,'OCAÑA'),
(810,18,518,'PAMPLONA'),
(811,18,520,'PAMPLONITA'),
(812,18,553,'PUERTO SANTANDER'),
(813,18,599,'RAGONVALIA'),
(814,18,660,'SALAZAR'),
(815,18,670,'SAN CALIXTO'),
(816,18,673,'SAN CAYETANO'),
(817,18,680,'SANTIAGO'),
(818,18,720,'SARDINATA'),
(819,18,743,'SILOS'),
(820,18,800,'TEORAMA'),
(821,18,810,'TIBU'),
(822,18,820,'TOLEDO'),
(823,18,871,'VILLACARO'),
(824,18,874,'VILLA DEL ROSARIO'),
(825,19,1,'ARMENIA'),
(826,19,111,'BUENAVISTA'),
(827,19,130,'CALARCA'),
(828,19,190,'CIRCASIA'),
(829,19,212,'CORDOBA'),
(830,19,272,'FILANDIA'),
(831,19,302,'GENOVA'),
(832,19,401,'LA TEBAIDA'),
(833,19,470,'MONTENEGRO'),
(834,19,548,'PIJAO'),
(835,19,594,'QUIMBAYA'),
(836,19,690,'SALENTO'),
(837,20,1,'PEREIRA'),
(838,20,45,'APIA'),
(839,20,75,'BALBOA'),
(840,20,88,'BELEN DE UMBRIA'),
(841,20,170,'DOS QUEBRADAS'),
(842,20,318,'GUATICA'),
(843,20,383,'LA CELIA'),
(844,20,400,'LA VIRGINIA'),
(845,20,440,'MARSELLA'),
(846,20,456,'MISTRATO'),
(847,20,572,'PUEBLO RICO'),
(848,20,594,'QUINCHIA'),
(849,20,682,'SANTA ROSA DE CABAL'),
(850,20,687,'SANTUARIO'),
(851,21,1,'BUCARAMANGA'),
(852,21,13,'AGUADA'),
(853,21,20,'ALBANIA'),
(854,21,51,'ARATOCA'),
(855,21,77,'BARBOSA'),
(856,21,79,'BARICHARA'),
(857,21,81,'BARRANCABERMEJA'),
(858,21,92,'BETULIA'),
(859,21,101,'BOLIVAR'),
(860,21,121,'CABRERA'),
(861,21,132,'CALIFORNIA'),
(862,21,147,'CAPITANEJO'),
(863,21,152,'CARCASI'),
(864,21,160,'CEPITA'),
(865,21,162,'CERRITO'),
(866,21,167,'CHARALA'),
(867,21,169,'CHARTA'),
(868,21,176,'CHIMA'),
(869,21,179,'CHIPATA'),
(870,21,190,'CIMITARRA'),
(871,21,207,'CONCEPCION'),
(872,21,209,'CONFINES'),
(873,21,211,'CONTRATACION'),
(874,21,217,'COROMORO'),
(875,21,229,'CURITI'),
(876,21,235,'EL CARMEN DE CHUCURY'),
(877,21,245,'EL GUACAMAYO'),
(878,21,250,'EL PEÑON'),
(879,21,255,'EL PLAYON'),
(880,21,264,'ENCINO'),
(881,21,266,'ENCISO'),
(882,21,271,'FLORIAN'),
(883,21,276,'FLORIDABLANCA'),
(884,21,296,'GALAN'),
(885,21,298,'GAMBITA'),
(886,21,307,'GIRON'),
(887,21,318,'GUACA'),
(888,21,320,'GUADALUPE'),
(889,21,322,'GUAPOTA'),
(890,21,324,'GUAVATA'),
(891,21,327,'GUEPSA'),
(892,21,344,'HATO'),
(893,21,368,'JESUS MARIA'),
(894,21,370,'JORDAN'),
(895,21,377,'LA BELLEZA'),
(896,21,385,'LANDAZURI'),
(897,21,397,'LA PAZ'),
(898,21,406,'LEBRIJA'),
(899,21,418,'LOS SANTOS'),
(900,21,425,'MACARAVITA'),
(901,21,432,'MALAGA'),
(902,21,444,'MATANZA'),
(903,21,464,'MOGOTES'),
(904,21,468,'MOLAGAVITA'),
(905,21,498,'OCAMONTE'),
(906,21,500,'OIBA'),
(907,21,502,'ONZAGA'),
(908,21,522,'PALMAR'),
(909,21,524,'PALMAS DEL SOCORRO'),
(910,21,533,'PARAMO'),
(911,21,547,'PIEDECUESTA'),
(912,21,549,'PINCHOTE'),
(913,21,572,'PUENTE NACIONAL'),
(914,21,573,'PUERTO PARRA'),
(915,21,575,'PUERTO WILCHES'),
(916,21,615,'RIONEGRO'),
(917,21,655,'SABANA DE TORRES'),
(918,21,669,'SAN ANDRES'),
(919,21,673,'SAN BENITO'),
(920,21,679,'SAN GIL'),
(921,21,682,'SAN JOAQUIN'),
(922,21,684,'SAN JOSE DE MIRANDA'),
(923,21,686,'SAN MIGUEL'),
(924,21,689,'SAN VICENTE DE CHUCURI'),
(925,21,705,'SANTA BARBARA'),
(926,21,720,'SANTA HELENA DEL OPON'),
(927,21,745,'SIMACOTA'),
(928,21,755,'SOCORRO'),
(929,21,770,'SUAITA'),
(930,21,773,'SUCRE'),
(931,21,780,'SURATA'),
(932,21,820,'TONA'),
(933,21,855,'VALLE SAN JOSE'),
(934,21,861,'VELEZ'),
(935,21,867,'VETAS'),
(936,21,872,'VILLANUEVA'),
(937,21,895,'ZAPATOCA'),
(938,22,1,'SINCELEJO'),
(939,22,110,'BUENAVISTA'),
(940,22,124,'CAIMITO'),
(941,22,204,'COLOSO (RICAURTE)'),
(942,22,215,'COROZAL'),
(943,22,230,'CHALAN'),
(944,22,235,'GALERAS (NUEVA GRANADA)'),
(945,22,265,'GUARANDA'),
(946,22,400,'LA UNION'),
(947,22,418,'LOS PALMITOS'),
(948,22,429,'MAJAGUAL'),
(949,22,473,'MORROA'),
(950,22,508,'OVEJAS'),
(951,22,523,'PALMITO'),
(952,22,670,'SAMPUES'),
(953,22,678,'SAN BENITO ABAD'),
(954,22,702,'SAN JUAN DE BETULIA'),
(955,22,708,'SAN MARCOS'),
(956,22,713,'SAN ONOFRE'),
(957,22,717,'SAN PEDRO'),
(958,22,742,'SINCE'),
(959,22,771,'SUCRE'),
(960,22,820,'TOLU'),
(961,22,823,'TOLUVIEJO'),
(962,23,1,'IBAGUE'),
(963,23,24,'ALPUJARRA'),
(964,23,26,'ALVARADO'),
(965,23,30,'AMBALEMA'),
(966,23,43,'ANZOATEGUI'),
(967,23,55,'ARMERO (GUAYABAL)'),
(968,23,67,'ATACO'),
(969,23,124,'CAJAMARCA'),
(970,23,148,'CARMEN APICALA'),
(971,23,152,'CASABIANCA'),
(972,23,168,'CHAPARRAL'),
(973,23,200,'COELLO'),
(974,23,217,'COYAIMA'),
(975,23,226,'CUNDAY'),
(976,23,236,'DOLORES'),
(977,23,268,'ESPINAL'),
(978,23,270,'FALAN'),
(979,23,275,'FLANDES'),
(980,23,283,'FRESNO'),
(981,23,319,'GUAMO'),
(982,23,347,'HERVEO'),
(983,23,349,'HONDA'),
(984,23,352,'ICONONZO'),
(985,23,408,'LERIDA'),
(986,23,411,'LIBANO'),
(987,23,443,'MARIQUITA'),
(988,23,449,'MELGAR'),
(989,23,461,'MURILLO'),
(990,23,483,'NATAGAIMA'),
(991,23,504,'ORTEGA'),
(992,23,520,'PALOCABILDO'),
(993,23,547,'PIEDRAS'),
(994,23,555,'PLANADAS'),
(995,23,563,'PRADO'),
(996,23,585,'PURIFICACION'),
(997,23,616,'RIOBLANCO'),
(998,23,622,'RONCESVALLES'),
(999,23,624,'ROVIRA'),
(1000,23,671,'SALDAÑA'),
(1001,23,675,'SAN ANTONIO'),
(1002,23,678,'SAN LUIS'),
(1003,23,686,'SANTA ISABEL'),
(1004,23,770,'SUAREZ'),
(1005,23,854,'VALLE DE SAN JUAN'),
(1006,23,861,'VENADILLO'),
(1007,23,870,'VILLAHERMOSA'),
(1008,23,873,'VILLARRICA'),
(1009,24,1,'CALI (SANTIAGO DE CALI)'),
(1010,24,20,'ALCALA'),
(1011,24,36,'ANDALUCIA'),
(1012,24,41,'ANSERMANUEVO'),
(1013,24,54,'ARGELIA'),
(1014,24,100,'BOLIVAR'),
(1015,24,109,'BUENAVENTURA'),
(1016,24,111,'BUGA'),
(1017,24,113,'BUGALAGRANDE'),
(1018,24,122,'CAICEDONIA'),
(1019,24,126,'CALIMA (DARIEN)'),
(1020,24,130,'CANDELARIA'),
(1021,24,147,'CARTAGO'),
(1022,24,233,'DAGUA'),
(1023,24,243,'EL AGUILA'),
(1024,24,246,'EL CAIRO'),
(1025,24,248,'EL CERRITO'),
(1026,24,250,'EL DOVIO'),
(1027,24,275,'FLORIDA'),
(1028,24,306,'GINEBRA'),
(1029,24,318,'GUACARI'),
(1030,24,364,'JAMUNDI'),
(1031,24,377,'LA CUMBRE'),
(1032,24,400,'LA UNION'),
(1033,24,403,'LA VICTORIA'),
(1034,24,497,'OBANDO'),
(1035,24,520,'PALMIRA'),
(1036,24,563,'PRADERA'),
(1037,24,606,'RESTREPO'),
(1038,24,616,'RIOFRIO'),
(1039,24,622,'ROLDANILLO'),
(1040,24,670,'SAN PEDRO'),
(1041,24,736,'SEVILLA'),
(1042,24,823,'TORO'),
(1043,24,828,'TRUJILLO'),
(1044,24,834,'TULUA'),
(1045,24,845,'ULLOA'),
(1046,24,863,'VERSALLES'),
(1047,24,869,'VIJES'),
(1048,24,890,'YOTOCO'),
(1049,24,892,'YUMBO'),
(1050,24,895,'ZARZAL'),
(1051,25,1,'ARAUCA'),
(1052,25,65,'ARAUQUITA'),
(1053,25,220,'CRAVO NORTE'),
(1054,25,300,'FORTUL'),
(1055,25,591,'PUERTO RONDON'),
(1056,25,736,'SARAVENA'),
(1057,25,794,'TAME'),
(1058,26,1,'YOPAL'),
(1059,26,10,'AGUAZUL'),
(1060,26,15,'CHAMEZA'),
(1061,26,125,'HATO COROZAL'),
(1062,26,136,'LA SALINA'),
(1063,26,139,'MANI'),
(1064,26,162,'MONTERREY'),
(1065,26,225,'NUNCHIA'),
(1066,26,230,'OROCUE'),
(1067,26,250,'PAZ DE ARIPORO'),
(1068,26,263,'PORE'),
(1069,26,279,'RECETOR'),
(1070,26,300,'SABANALARGA'),
(1071,26,315,'SACAMA'),
(1072,26,325,'SAN LUIS DE PALENQUE'),
(1073,26,400,'TAMARA'),
(1074,26,410,'TAURAMENA'),
(1075,26,430,'TRINIDAD'),
(1076,26,440,'VILLANUEVA'),
(1077,27,1,'MOCOA'),
(1078,27,219,'COLON'),
(1079,27,320,'ORITO'),
(1080,27,568,'PUERTO ASIS'),
(1081,27,569,'PUERTO CAICEDO'),
(1082,27,571,'PUERTO GUZMAN'),
(1083,27,573,'PUERTO LEGUIZAMO'),
(1084,27,749,'SIBUNDOY'),
(1085,27,755,'SAN FRANCISCO'),
(1086,27,757,'SAN MIGUEL (LA DORADA)'),
(1087,27,760,'SANTIAGO'),
(1088,27,865,'LA HORMIGA (VALLE DEL GUAMUEZ)'),
(1089,27,885,'VILLAGARZON'),
(1090,28,1,'SAN ANDRES'),
(1091,28,564,'PROVIDENCIA'),
(1092,29,1,'LETICIA'),
(1093,29,263,'EL ENCANTO'),
(1094,29,405,'LA CHORRERA'),
(1095,29,407,'LA PEDRERA'),
(1096,29,430,'LA VICTORIA'),
(1097,29,460,'MIRITI-PARANA'),
(1098,29,530,'PUERTO ALEGRIA'),
(1099,29,536,'PUERTO ARICA'),
(1100,29,540,'PUERTO NARIÑO'),
(1101,29,669,'PUERTO SANTANDER'),
(1102,29,798,'TARAPACA'),
(1103,30,1,'PUERTO INIRIDA'),
(1104,30,343,'BARRANCO MINAS'),
(1105,30,883,'SAN FELIPE'),
(1106,30,884,'PUERTO COLOMBIA'),
(1107,30,885,'LA GUADALUPE'),
(1108,30,886,'CACAHUAL'),
(1109,30,887,'PANA PANA (CAMPO ALEGRE)'),
(1110,30,888,'MORICHAL (MORICHAL NUEVO)'),
(1111,31,1,'SAN JOSE DEL GUAVIARE'),
(1112,31,15,'CALAMAR'),
(1113,31,25,'EL RETORNO'),
(1114,31,200,'MIRAFLORES'),
(1115,32,1,'MITU'),
(1116,32,161,'CARURU'),
(1117,32,511,'PACOA'),
(1118,32,666,'TARAIRA'),
(1119,32,777,'PAPUNAUA (MORICHAL)'),
(1120,32,889,'YAVARATE'),
(1121,33,1,'PUERTO CARREÑO'),
(1122,33,524,'LA PRIMAVERA'),
(1123,33,572,'SANTA RITA'),
(1124,33,666,'SANTA ROSALIA'),
(1125,33,760,'SAN JOSE DE OCUNE'),
(1126,33,773,'CUMARIBO');

/*Table structure for table `novedades_afiliaciones` */

DROP TABLE IF EXISTS `novedades_afiliaciones`;

CREATE TABLE `novedades_afiliaciones` (
  `id_novedad` int(10) NOT NULL AUTO_INCREMENT,
  `tipo_novedad` varchar(255) NOT NULL,
  `movilidad` varchar(255) DEFAULT NULL,
  `traslado` varchar(255) DEFAULT NULL,
  `id_afiliacion` int(10) NOT NULL,
  PRIMARY KEY (`id_novedad`)
) ENGINE=InnoDB AUTO_INCREMENT=59 DEFAULT CHARSET=latin1;

/*Data for the table `novedades_afiliaciones` */

insert  into `novedades_afiliaciones`(`id_novedad`,`tipo_novedad`,`movilidad`,`traslado`,`id_afiliacion`) values 
(1,'','2','2',0),
(2,'','2','2',0),
(3,'','2','2',0),
(4,'','2','2',0),
(5,'ReinscripciÃ³n en la EPS','1','1',126),
(6,'','2','2',0),
(7,'','2','2',0),
(8,'','2','2',0),
(9,'','2','2',0),
(10,'','2','2',0),
(11,'','2','2',0),
(12,'','2','2',0),
(13,'','2','2',0),
(14,'','2','2',0),
(15,'','2','2',0),
(16,'','2','2',0),
(17,'','2','2',0),
(18,'','2','2',0),
(19,'','2','2',0),
(20,'','2','2',0),
(21,'','2','2',0),
(22,'','2','2',0),
(23,'','2','2',0),
(24,'','2','2',0),
(25,'','2','2',0),
(26,'','2','2',0),
(27,'','2','2',0),
(28,'','2','2',0),
(29,'','2','2',0),
(30,'','2','2',0),
(31,'','2','2',0),
(32,'','2','2',0),
(33,'','2','2',0),
(34,'','2','2',0),
(35,'','2','2',0),
(36,'','2','2',0),
(37,'','2','2',0),
(38,'','2','2',0),
(39,'','2','2',0),
(40,'','2','2',0),
(41,'','2','2',0),
(42,'','2','2',0),
(43,'0','0','0',164),
(44,'0','0','0',165),
(45,'0','0','0',166),
(46,'0','0','0',167),
(47,'0','0','0',168),
(48,'0','0','0',169),
(49,'0','0','0',170),
(50,'0','0','0',171),
(51,'0','0','0',172),
(52,'0','0','0',173),
(53,'0','0','0',174),
(54,'0','0','0',175),
(55,'0','0','0',176),
(56,'0','0','0',177),
(57,'0','0','0',178),
(58,'0','0','0',180);

/*Table structure for table `nucleo_familiar_afiliacion` */

DROP TABLE IF EXISTS `nucleo_familiar_afiliacion`;

CREATE TABLE `nucleo_familiar_afiliacion` (
  `id_nucleo_familiar` int(10) NOT NULL AUTO_INCREMENT,
  `nombres` varchar(255) DEFAULT NULL,
  `apellidos` varchar(255) DEFAULT NULL,
  `t_doc_id` varchar(255) DEFAULT NULL,
  `nro_doc_id` int(20) DEFAULT NULL,
  `sexo` varchar(255) DEFAULT NULL,
  `fecha_nac` date DEFAULT NULL,
  `parentesco` varchar(255) DEFAULT NULL,
  `etnia` varchar(255) DEFAULT NULL,
  `discapacidad` varchar(255) DEFAULT NULL,
  `municipio` varchar(255) DEFAULT NULL,
  `depto` varchar(255) DEFAULT NULL,
  `zona` varchar(255) DEFAULT NULL,
  `tlf_cell` varchar(255) DEFAULT NULL,
  `tlf_hab` varchar(255) DEFAULT NULL,
  `valor_upc_dicional` varchar(255) DEFAULT NULL,
  `inst_servicios_salud` varchar(255) DEFAULT NULL,
  `nivel_sisben` varchar(255) DEFAULT NULL,
  `grupo_poblacional` varchar(255) DEFAULT NULL,
  `id_data_solicitante` int(10) NOT NULL,
  PRIMARY KEY (`id_nucleo_familiar`)
) ENGINE=InnoDB AUTO_INCREMENT=53 DEFAULT CHARSET=latin1;

/*Data for the table `nucleo_familiar_afiliacion` */

insert  into `nucleo_familiar_afiliacion`(`id_nucleo_familiar`,`nombres`,`apellidos`,`t_doc_id`,`nro_doc_id`,`sexo`,`fecha_nac`,`parentesco`,`etnia`,`discapacidad`,`municipio`,`depto`,`zona`,`tlf_cell`,`tlf_hab`,`valor_upc_dicional`,`inst_servicios_salud`,`nivel_sisben`,`grupo_poblacional`,`id_data_solicitante`) values 
(1,'1','1','1',1,'','0000-00-00','1','1','1','1','1','1','1','1','1','1','1','1',1),
(2,'5','5','1',5,'','0000-00-00','5','5','5','5','5','1','5','5','5','5','5','5',0),
(3,'4','4','3',4,'','0000-00-00','4','4','4','4','4','1','4','4','4','4','4','4',0),
(4,'5','5','1',5,'','0000-00-00','5','5','5','5','5','1','5','5','5','5','5','5',0),
(5,'4','4','3',4,'','0000-00-00','4','4','4','4','4','1','4','4','4','4','4','4',0),
(6,'6','4','2',6,'','0000-00-00','6','6','6','6','6','1','6','6','6','6','6','6',0),
(7,'4','4','3',4,'','0000-00-00','4','4','4','4','4','1','4','4','4','4','4','4',0),
(8,'6','4','2',6,'','0000-00-00','6','6','6','6','6','1','6','6','6','6','6','6',0),
(9,'4','4','3',4,'','0000-00-00','4','4','4','4','4','1','4','4','4','4','4','4',0),
(10,'6','4','2',6,'','0000-00-00','6','6','6','6','6','1','6','6','6','6','6','6',0),
(11,'4','4','3',4,'','0000-00-00','4','4','4','4','4','1','4','4','4','4','4','4',0),
(12,'6','4','2',6,'','0000-00-00','6','6','6','6','6','1','6','6','6','6','6','6',0),
(13,'4','4','3',4,'','0000-00-00','4','4','4','4','4','1','4','4','4','4','4','4',0),
(14,'6','4','2',6,'','0000-00-00','6','6','6','6','6','1','6','6','6','6','6','6',0),
(15,'4','4','3',4,'','0000-00-00','4','4','4','4','4','1','4','4','4','4','4','4',0),
(16,'6','4','2',6,'','0000-00-00','6','6','6','6','6','1','6','6','6','6','6','6',0),
(17,'4','4','3',4,'','0000-00-00','4','4','4','4','4','1','4','4','4','4','4','4',0),
(18,'6','4','2',6,'','0000-00-00','6','6','6','6','6','1','6','6','6','6','6','6',0),
(19,'4','4','3',4,'','0000-00-00','4','4','4','4','4','1','4','4','4','4','4','4',0),
(20,'6','4','2',6,'','0000-00-00','6','6','6','6','6','1','6','6','6','6','6','6',0),
(21,'4','4','3',4,'','0000-00-00','4','4','4','4','4','1','4','4','4','4','4','4',0),
(22,'6','4','2',6,'','0000-00-00','6','6','6','6','6','1','6','6','6','6','6','6',0),
(23,'4','4','3',4,'','0000-00-00','4','4','4','4','4','1','4','4','4','4','4','4',0),
(24,'6','4','2',6,'','0000-00-00','6','6','6','6','6','1','6','6','6','6','6','6',0),
(25,'4','4','3',4,'','0000-00-00','4','4','4','4','4','1','4','4','4','4','4','4',0),
(26,'6','4','2',6,'','0000-00-00','6','6','6','6','6','1','6','6','6','6','6','6',0),
(27,'4','4','3',4,'','0000-00-00','4','4','4','4','4','1','4','4','4','4','4','4',0),
(28,'2','2','1',2,'','0000-00-00','2','2','2','2','2','1','2','2','2','2','2','2',0),
(29,'2','2','5',2,'','0000-00-00','2','2','2','2','2','2','2','2','2','2','2','2',0),
(30,'2','2','1',2,'','0000-00-00','2','2','2','2','2','1','2','2','2','2','2','2',0),
(31,'2','2','5',2,'','0000-00-00','2','2','2','2','2','2','2','2','2','2','2','2',0),
(32,'2','2','1',2,'','0000-00-00','2','2','2','2','2','1','2','2','2','2','2','2',0),
(33,'2','2','5',2,'','0000-00-00','2','2','2','2','2','2','2','2','2','2','2','2',0),
(34,'8','8','1',8,'','0000-00-00','8','8','8','8','8','1','8','8','8','8','8','8',0),
(35,'8','8','1',8,'','0000-00-00','8','8','8','8','8','1','8','8','8','8','8','8',0),
(36,'8','8','1',8,'','0000-00-00','8','8','8','8','8','1','8','8','8','8','8','8',36),
(37,' ',' ','0',0,'','0000-00-00','conyugue',NULL,NULL,NULL,NULL,NULL,NULL,NULL,NULL,NULL,NULL,NULL,37),
(38,' ',' ','0',0,'','0000-00-00','conyugue',NULL,NULL,NULL,NULL,NULL,NULL,NULL,NULL,NULL,NULL,NULL,38),
(39,' ',' ','0',0,'','0000-00-00','conyugue',NULL,NULL,NULL,NULL,NULL,NULL,NULL,NULL,NULL,NULL,NULL,39),
(40,' ',' ','0',0,'','0000-00-00','conyugue',NULL,NULL,NULL,NULL,NULL,NULL,NULL,NULL,NULL,NULL,NULL,40),
(41,' ',' ','0',0,'','0000-00-00','conyugue',NULL,NULL,NULL,NULL,NULL,NULL,NULL,NULL,NULL,NULL,NULL,41),
(42,' ',' ','0',0,'','0000-00-00','conyugue',NULL,NULL,NULL,NULL,NULL,NULL,NULL,NULL,NULL,NULL,NULL,42),
(43,' ',' ','0',0,'','0000-00-00','conyugue',NULL,NULL,NULL,NULL,NULL,NULL,NULL,NULL,NULL,NULL,NULL,43),
(44,' ',' ','0',0,'','0000-00-00','conyugue',NULL,NULL,NULL,NULL,NULL,NULL,NULL,NULL,NULL,NULL,NULL,44),
(45,' ',' ','0',0,'','0000-00-00','conyugue',NULL,NULL,NULL,NULL,NULL,NULL,NULL,NULL,NULL,NULL,NULL,45),
(46,' ',' ','0',0,'','0000-00-00','conyugue',NULL,NULL,NULL,NULL,NULL,NULL,NULL,NULL,NULL,NULL,NULL,46),
(47,' ',' ','0',0,'','0000-00-00','conyugue',NULL,NULL,NULL,NULL,NULL,NULL,NULL,NULL,NULL,NULL,NULL,47),
(48,' ',' ','0',0,'','0000-00-00','conyugue',NULL,NULL,NULL,NULL,NULL,NULL,NULL,NULL,NULL,NULL,NULL,48),
(49,' ',' ','0',0,'','0000-00-00','conyugue',NULL,NULL,NULL,NULL,NULL,NULL,NULL,NULL,NULL,NULL,NULL,49),
(50,' ',' ','0',0,'','0000-00-00','conyugue',NULL,NULL,NULL,NULL,NULL,NULL,NULL,NULL,NULL,NULL,NULL,50),
(51,' ',' ','0',0,'','0000-00-00','conyugue',NULL,NULL,NULL,NULL,NULL,NULL,NULL,NULL,NULL,NULL,NULL,51),
(52,' ',' ','0',0,'','0000-00-00','conyugue',NULL,NULL,NULL,NULL,NULL,NULL,NULL,NULL,NULL,NULL,NULL,52);

/*Table structure for table `pacientes_referencias` */

DROP TABLE IF EXISTS `pacientes_referencias`;

CREATE TABLE `pacientes_referencias` (
  `id_pacientes_refer` int(10) NOT NULL AUTO_INCREMENT,
  `id_equipo` int(10) NOT NULL,
  `nombre` varchar(255) NOT NULL,
  `apellido` varchar(255) NOT NULL,
  `tipo_identidad` varchar(255) NOT NULL,
  `nro_identidad` varchar(255) NOT NULL,
  `eps` varchar(255) NOT NULL,
  `munic_origen` varchar(255) NOT NULL,
  `munic_destino` varchar(255) NOT NULL,
  `direccion` varchar(255) NOT NULL,
  `tlf` varchar(255) NOT NULL,
  `correo` varchar(255) NOT NULL,
  `nomb_acomp` varchar(255) NOT NULL,
  `tlf_acomp` varchar(255) NOT NULL,
  `correo_acomp` varchar(255) NOT NULL,
  `descrip_diagnostico` varchar(255) NOT NULL,
  `valor_medica` varchar(255) NOT NULL,
  `atenc_enfermeria` varchar(255) NOT NULL,
  `serv_rehabilitacion` varchar(255) NOT NULL,
  `medicinas` varchar(255) NOT NULL,
  `insumos` varchar(255) NOT NULL,
  PRIMARY KEY (`id_pacientes_refer`)
) ENGINE=MyISAM DEFAULT CHARSET=latin1;

/*Data for the table `pacientes_referencias` */

/*Table structure for table `referencia_paciente` */

DROP TABLE IF EXISTS `referencia_paciente`;

CREATE TABLE `referencia_paciente` (
  `id` int(11) NOT NULL AUTO_INCREMENT,
  `t_atencion` varchar(100) DEFAULT NULL,
  `nombre` varchar(100) DEFAULT NULL,
  `apellido` varchar(100) DEFAULT NULL,
  `tipo_identidad` varchar(100) DEFAULT NULL,
  `nro_identidad` varchar(100) DEFAULT NULL,
  `eps` varchar(100) DEFAULT NULL,
  `dep` varchar(100) DEFAULT NULL,
  `municipio_origen` varchar(100) DEFAULT NULL,
  `municipio_destino` varchar(100) DEFAULT NULL,
  `tlf` varchar(100) DEFAULT NULL,
  `nombre_acompanante` varchar(100) DEFAULT NULL,
  `tlf_acompanante` varchar(100) DEFAULT NULL,
  `email_acompanante` varchar(100) DEFAULT NULL,
  `razon_social` varchar(100) DEFAULT NULL,
  `nit` varchar(100) DEFAULT NULL,
  `val_medica` varchar(100) DEFAULT NULL,
  `at_enfermeria` varchar(100) DEFAULT NULL,
  `serv_rehab` varchar(100) DEFAULT NULL,
  `medicinas` varchar(100) DEFAULT NULL,
  `insumos` varchar(100) DEFAULT NULL,
  `anexo` varchar(100) DEFAULT NULL,
  PRIMARY KEY (`id`)
) ENGINE=InnoDB AUTO_INCREMENT=7 DEFAULT CHARSET=latin1;

/*Data for the table `referencia_paciente` */

insert  into `referencia_paciente`(`id`,`t_atencion`,`nombre`,`apellido`,`tipo_identidad`,`nro_identidad`,`eps`,`dep`,`municipio_origen`,`municipio_destino`,`tlf`,`nombre_acompanante`,`tlf_acompanante`,`email_acompanante`,`razon_social`,`nit`,`val_medica`,`at_enfermeria`,`serv_rehab`,`medicinas`,`insumos`,`anexo`) values 
(1,'Atencion domiciliaria','Pedro','Guzman',NULL,NULL,NULL,NULL,NULL,NULL,NULL,NULL,NULL,NULL,'Razon Social',NULL,NULL,NULL,NULL,'Medicinas',NULL,NULL),
(2,'Atencion domiciliaria','Javier','Torres','','','','','','','','','','','Razon Social','','','','','Medicinas','',''),
(3,'Atencion domiciliaria','Vizquel','Martinez','','','','','','','','','','','Razon Social','','','','','Medicinas','',''),
(4,'Atencion domiciliaria','David','Zambrano','','','','','','','','','','','Razon Social','','','','','Medicinas','',''),
(5,'Urgencia vital','Alejandro','Perez','CI','14852369','19','17','737','735','41259963','Jose Sepulveda','41258963','jose@mail.com','Razon Social','123456789','valoracion medica','atencion por enfermeria','rehabilitacion','medicamentos','insumos',''),
(6,'','','','','','','','','','','','','','','','','','','','','');

/*Table structure for table `riesgo_cancer` */

DROP TABLE IF EXISTS `riesgo_cancer`;

CREATE TABLE `riesgo_cancer` (
  `id_riesgo_cancer` int(10) NOT NULL AUTO_INCREMENT,
  `id_paciente_riesgo` int(10) DEFAULT NULL,
  `cancer_mama` varchar(255) DEFAULT NULL,
  `cancer_cervix` varchar(255) DEFAULT NULL,
  `cancer_prostata` varchar(255) DEFAULT NULL,
  PRIMARY KEY (`id_riesgo_cancer`)
) ENGINE=InnoDB AUTO_INCREMENT=2 DEFAULT CHARSET=latin1;

/*Data for the table `riesgo_cancer` */

insert  into `riesgo_cancer`(`id_riesgo_cancer`,`id_paciente_riesgo`,`cancer_mama`,`cancer_cervix`,`cancer_prostata`) values 
(1,1,'off','off','on');

/*Table structure for table `riesgo_gestante` */

DROP TABLE IF EXISTS `riesgo_gestante`;

CREATE TABLE `riesgo_gestante` (
  `id_riesgo_gest` int(10) NOT NULL AUTO_INCREMENT,
  `id_paciente_riesgo` int(10) NOT NULL,
  `n_controls_gest` varchar(255) DEFAULT NULL,
  `edad_embrion` varchar(255) DEFAULT NULL,
  `gest_mayor` varchar(255) DEFAULT NULL,
  `preeclamsia` varchar(255) DEFAULT NULL,
  `hta_gest` varchar(255) DEFAULT NULL,
  `eclampsia` varchar(255) DEFAULT NULL,
  `sobrepeso_gest` varchar(255) DEFAULT NULL,
  `obeso_gest` varchar(255) DEFAULT NULL,
  `toxoplasmosis` varchar(255) DEFAULT NULL,
  `sifilis_gest` varchar(255) DEFAULT NULL,
  `vih_gest` varchar(255) DEFAULT NULL,
  `hepatitis_b_gest` varchar(255) DEFAULT NULL,
  `emb_gemelos` varchar(255) DEFAULT NULL,
  `hipotiroidismo` varchar(255) DEFAULT NULL,
  `parto_prematuro` varchar(255) DEFAULT NULL,
  `cardio_madre` varchar(255) DEFAULT NULL,
  `drogas_alcohol` varchar(255) DEFAULT NULL,
  `malform_feto` varchar(255) DEFAULT NULL,
  `placenta_previa` varchar(255) DEFAULT NULL,
  `anemia` varchar(255) DEFAULT NULL,
  `presen_transv` varchar(255) DEFAULT NULL,
  `p_podalica` varchar(255) DEFAULT NULL,
  `leishmaniasis_gest` varchar(255) DEFAULT NULL,
  `citomegalovirus` varchar(255) DEFAULT NULL,
  `rubeola` varchar(255) DEFAULT NULL,
  `estreptococo` varchar(255) DEFAULT NULL,
  `diabetes_prege` varchar(255) DEFAULT NULL,
  `diabetes_ge` varchar(255) DEFAULT NULL,
  PRIMARY KEY (`id_riesgo_gest`)
) ENGINE=InnoDB AUTO_INCREMENT=2 DEFAULT CHARSET=latin1;

/*Data for the table `riesgo_gestante` */

insert  into `riesgo_gestante`(`id_riesgo_gest`,`id_paciente_riesgo`,`n_controls_gest`,`edad_embrion`,`gest_mayor`,`preeclamsia`,`hta_gest`,`eclampsia`,`sobrepeso_gest`,`obeso_gest`,`toxoplasmosis`,`sifilis_gest`,`vih_gest`,`hepatitis_b_gest`,`emb_gemelos`,`hipotiroidismo`,`parto_prematuro`,`cardio_madre`,`drogas_alcohol`,`malform_feto`,`placenta_previa`,`anemia`,`presen_transv`,`p_podalica`,`leishmaniasis_gest`,`citomegalovirus`,`rubeola`,`estreptococo`,`diabetes_prege`,`diabetes_ge`) values 
(1,1,'off','off','off','off','off','off','off','off','off','off','off','off','off','off','off','off','off','off','off','off','off','off','off','off','off','off','off','off');

/*Table structure for table `riesgo_infectocontagioso` */

DROP TABLE IF EXISTS `riesgo_infectocontagioso`;

CREATE TABLE `riesgo_infectocontagioso` (
  `id_riesgo_infect` int(10) NOT NULL AUTO_INCREMENT,
  `id_paciente_riesgo` int(10) NOT NULL,
  `vih` varchar(255) DEFAULT NULL,
  `hepa_a` varchar(255) DEFAULT NULL,
  `sifilis` varchar(255) DEFAULT NULL,
  `esputar` varchar(255) DEFAULT NULL,
  `rayosx_esputos` varchar(255) DEFAULT NULL,
  `antes_contacto` varchar(255) DEFAULT NULL,
  `sintomas_b` varchar(255) DEFAULT NULL,
  `leishmaniasis` varchar(255) DEFAULT NULL,
  `dengue` varchar(255) DEFAULT NULL,
  `malaria` varchar(255) DEFAULT NULL,
  `chagas` varchar(255) DEFAULT NULL,
  PRIMARY KEY (`id_riesgo_infect`)
) ENGINE=InnoDB AUTO_INCREMENT=2 DEFAULT CHARSET=latin1;

/*Data for the table `riesgo_infectocontagioso` */

insert  into `riesgo_infectocontagioso`(`id_riesgo_infect`,`id_paciente_riesgo`,`vih`,`hepa_a`,`sifilis`,`esputar`,`rayosx_esputos`,`antes_contacto`,`sintomas_b`,`leishmaniasis`,`dengue`,`malaria`,`chagas`) values 
(1,1,'off','off','off','off','off','off','off','off','off','off','off');

/*Table structure for table `riesgos_cardiovas` */

DROP TABLE IF EXISTS `riesgos_cardiovas`;

CREATE TABLE `riesgos_cardiovas` (
  `id_riesgo` int(10) NOT NULL AUTO_INCREMENT,
  `tipo_de_riesgo` int(10) NOT NULL,
  `id_paciente_riesgo` int(10) NOT NULL,
  `cigarrillo` varchar(255) DEFAULT NULL,
  `antescedente_familiar` varchar(255) DEFAULT NULL,
  `hta` varchar(255) DEFAULT NULL,
  `irc` varchar(255) DEFAULT NULL,
  `dislipidemia` varchar(255) DEFAULT NULL,
  `diabetes_dm2` varchar(255) DEFAULT NULL,
  `glucosa` varchar(255) DEFAULT NULL,
  `sedentarismo` varchar(255) DEFAULT NULL,
  `insuf_card` varchar(255) DEFAULT NULL,
  `insuf_card_chag` varchar(255) DEFAULT NULL,
  `ar_cardiacas` varchar(255) DEFAULT NULL,
  `infartos_previos` varchar(255) DEFAULT NULL,
  `antesc_cerebvas` varchar(255) DEFAULT NULL,
  `tep_tvp` varchar(255) DEFAULT NULL,
  `coagulopatias` varchar(255) DEFAULT NULL,
  PRIMARY KEY (`id_riesgo`)
) ENGINE=InnoDB AUTO_INCREMENT=5 DEFAULT CHARSET=latin1 ROW_FORMAT=COMPACT;

/*Data for the table `riesgos_cardiovas` */

insert  into `riesgos_cardiovas`(`id_riesgo`,`tipo_de_riesgo`,`id_paciente_riesgo`,`cigarrillo`,`antescedente_familiar`,`hta`,`irc`,`dislipidemia`,`diabetes_dm2`,`glucosa`,`sedentarismo`,`insuf_card`,`insuf_card_chag`,`ar_cardiacas`,`infartos_previos`,`antesc_cerebvas`,`tep_tvp`,`coagulopatias`) values 
(1,1,1,'off','off','off','off','off','off','off','off','off','off','off','off','off','off','off'),
(2,1,1,'on','','','','','','','on','','','on','','','',''),
(3,1,7,'on','','','','','','','on','','','on','','','',''),
(4,1,8,'','','','','','','','','','','','','','','');

/*Table structure for table `riesgos_salud_mental` */

DROP TABLE IF EXISTS `riesgos_salud_mental`;

CREATE TABLE `riesgos_salud_mental` (
  `id_riesgo` int(10) NOT NULL AUTO_INCREMENT,
  `id_paciente_riesgo` int(10) NOT NULL,
  `cons_psicoactivas` varchar(255) DEFAULT NULL,
  `antesc_tras_psiquis` varchar(255) DEFAULT NULL,
  `esquizofrenia` varchar(255) DEFAULT NULL,
  `antes_cond_suicid` varchar(255) DEFAULT NULL,
  `tras_depresivo` varchar(255) DEFAULT NULL,
  `antes_violencia` varchar(255) DEFAULT NULL,
  `tras_personalidad` varchar(255) DEFAULT NULL,
  `abuso_alcohol` varchar(255) DEFAULT NULL,
  `tras_bipolar` varchar(255) DEFAULT NULL,
  `estres_posttr` varchar(255) DEFAULT NULL,
  `plan_suicida` varchar(255) DEFAULT NULL,
  PRIMARY KEY (`id_riesgo`)
) ENGINE=InnoDB AUTO_INCREMENT=2 DEFAULT CHARSET=latin1;

/*Data for the table `riesgos_salud_mental` */

insert  into `riesgos_salud_mental`(`id_riesgo`,`id_paciente_riesgo`,`cons_psicoactivas`,`antesc_tras_psiquis`,`esquizofrenia`,`antes_cond_suicid`,`tras_depresivo`,`antes_violencia`,`tras_personalidad`,`abuso_alcohol`,`tras_bipolar`,`estres_posttr`,`plan_suicida`) values 
(1,1,'off','off','off','off','on','off','off','off','on','off','off');

/*Table structure for table `rpt_pacientes_riesgos` */

DROP TABLE IF EXISTS `rpt_pacientes_riesgos`;

CREATE TABLE `rpt_pacientes_riesgos` (
  `id_paciente_riesgo` int(10) NOT NULL AUTO_INCREMENT,
  `fecha` date NOT NULL,
  `nom_upgd` varchar(255) NOT NULL,
  `nom_evento` varchar(255) NOT NULL,
  `t_doc` varchar(3) NOT NULL,
  `nro_identidad` varchar(20) NOT NULL,
  `fech_nacimiento` date NOT NULL,
  `edad` varchar(3) NOT NULL,
  `tlf` varchar(20) NOT NULL,
  `sexo` varchar(255) NOT NULL,
  `peso` varchar(255) NOT NULL,
  `estatura` varchar(255) NOT NULL,
  `imc` varchar(255) NOT NULL,
  `nombre1` varchar(255) NOT NULL,
  `nombre2` varchar(255) NOT NULL,
  `apellido1` varchar(255) NOT NULL,
  `apellido2` varchar(255) NOT NULL,
  `dpto_res` varchar(255) NOT NULL,
  `dir_res` varchar(255) NOT NULL,
  `barrio_res` varchar(255) NOT NULL,
  `mun_res` varchar(255) NOT NULL,
  `location_res` varchar(255) NOT NULL,
  `otro_barrio` varchar(255) DEFAULT NULL,
  `pers_etnica` varchar(255) NOT NULL,
  `grupo_poblacional` varchar(255) NOT NULL,
  `estrato` varchar(255) NOT NULL,
  `t_aseg` varchar(255) NOT NULL,
  `nivel_educativo` varchar(255) NOT NULL,
  `edo_civil` varchar(255) NOT NULL,
  PRIMARY KEY (`id_paciente_riesgo`)
) ENGINE=InnoDB AUTO_INCREMENT=21 DEFAULT CHARSET=latin1;

/*Data for the table `rpt_pacientes_riesgos` */

insert  into `rpt_pacientes_riesgos`(`id_paciente_riesgo`,`fecha`,`nom_upgd`,`nom_evento`,`t_doc`,`nro_identidad`,`fech_nacimiento`,`edad`,`tlf`,`sexo`,`peso`,`estatura`,`imc`,`nombre1`,`nombre2`,`apellido1`,`apellido2`,`dpto_res`,`dir_res`,`barrio_res`,`mun_res`,`location_res`,`otro_barrio`,`pers_etnica`,`grupo_poblacional`,`estrato`,`t_aseg`,`nivel_educativo`,`edo_civil`) values 
(1,'2018-11-21','2','2','2','1','1991-06-03','27','4141372984','0','58','1.63','21.829952199932254','1','1','1','1','1','1','','1','1','1','1','2','1','1','4','2'),
(2,'2018-11-17','3','3','1','3','2018-11-09','3','3','1','47','1.36','25.410899653979232','2','2','2','2','2','','2','2','','2','3','2','2','1','1','2'),
(3,'2018-11-28','','','4','9173568','1965-08-07','','','2','','','','Alfredo','Enrique','Villadiego','Lora','risaralda','calle 343 N 39','La carolina','Perira ','Norte','','7','4','1','1','2','1'),
(4,'2018-11-02','20','20','6','19999907','0000-00-00','27','4141372984','2','58','1.67','20.796729893506402','Jose',' Alberto','marin','Puertas','10','Santa Teresa del Tuy, Res. Azules','20','Santa Teresa','Santa Teresa','20','2','5','2','2','8','2'),
(5,'2018-11-10','20','20','6','19999921','2018-11-30','27','+584141372984','2','58','1.67','20.796729893506402','Jose ','Alberto','Marin','Puertas','20','Santa Teresa del Tuy, Res. Azules','20','Santa Teresa','Santa Teresa','20','2','2','1','1','3','4'),
(6,'2018-11-10','20','20','6','19999921','2018-11-30','27','+584141372984','2','58','1.67','20.796729893506402','Jose ','Alberto','Marin','Puertas','20','Santa Teresa del Tuy, Res. Azules','20','Santa Teresa','Santa Teresa','20','2','2','1','1','3','4'),
(7,'2018-11-10','20','20','6','19999921','2018-11-30','27','+584141372984','2','58','1.67','20.796729893506402','Jose ','Alberto','Marin','Puertas','20','Santa Teresa del Tuy, Res. Azules','20','Santa Teresa','Santa Teresa','20','2','2','1','1','3','4'),
(8,'2018-11-28','','','4','1129565664','1986-03-05','32','','1','66','1.68','23.384353741496604','luz','elena','ochoa','villadiego','atlantico','calle 3 no 58b-25','villa olimpica','galapa','','','7','12','1','1','10','2'),
(9,'2018-11-28','','','4','1129565664','2013-03-05','4','','1','10','60','0.0044444444444444444','luz','elena','ochoa','villadiego','atlantico','calle 3 no 58b-25','villa olimpica','galapa','','','7','12','1','2','2','1'),
(10,'0000-00-00','','','0','12345678','2014-04-10','4','','2','10','0.60','27.77777777777778','luis','','diaz','','','','','','','','0','0','1','2','2','1'),
(11,'0000-00-00','','','0','12345678','2014-04-10','4','','2','10','0.60','27.77777777777778','luis','','diaz','','','','','','','','0','0','1','2','2','1'),
(12,'0000-00-00','','','0','12345678','2014-04-10','4','','2','10','0.60','27.77777777777778','luis','','diaz','','','','','','','','0','0','1','2','2','1'),
(13,'0000-00-00','','','0','12345678','2014-04-10','4','','2','10','0.60','27.77777777777778','luis','','diaz','','','','','','','','0','0','1','2','2','1'),
(14,'0000-00-00','','','0','12345678','2014-04-10','4','','2','10','0.60','27.77777777777778','luis','','diaz','','','','','','','','0','0','1','2','2','1'),
(15,'2018-11-28','','','0','12345678900','1993-05-23','25','','2','70','1.68','24.801587301587304','juan','','diaz','','','','','','','','0','0','0','0','6','0'),
(16,'2018-11-16','1','1','2','1','2018-11-16','1','1','1','58','1.67','20.796729893506402','1','1','1','1','1','1','1','1','1','1','1','2','1','4','6','4'),
(17,'2018-11-29','Emer','Hta','4','1052','1992-07-07','26','7358185','1','60','1.53','25.63116749967961','Orlando ','JosÃ©','Lamadrid','GonzÃ¡lez','Cundinamarca','Calle','Alsacia','BogotÃ¡','BogotÃ¡','','7','7','2','2','3','6'),
(18,'2018-11-29','Emer','Hta','4','1052','1992-07-07','26','7358185','1','60','1.53','25.63116749967961','Orlando ','JosÃ©','Lamadrid','GonzÃ¡lez','Cundinamarca','Calle','Alsacia','BogotÃ¡','BogotÃ¡','','7','7','2','2','3','6'),
(19,'2018-12-29','pedro','ipo','1','123123','2018-12-29','232','123123123','1','23','12','0.1597222222222222','qwe','qwe','qwe','qwe','1233','123','123','123','123','123','2','2','2','1','9','1'),
(20,'2018-12-29','pedro','ipo','1','123123','2018-12-29','232','123123123','1','23','12','0.1597222222222222','qwe','qwe','qwe','qwe','1233','123','123','123','123','123','2','2','2','1','9','1');

/*Table structure for table `user_data` */

DROP TABLE IF EXISTS `user_data`;

CREATE TABLE `user_data` (
  `id_user_data` int(11) NOT NULL,
  `id_user` int(11) NOT NULL,
  `nombre` int(11) NOT NULL,
  `apellido` int(11) NOT NULL,
  `documento` int(11) NOT NULL,
  `fecha_nac` date NOT NULL,
  `pais` int(11) NOT NULL,
  `provincia` int(11) NOT NULL,
  `tlf` int(11) NOT NULL,
  `foto` int(11) NOT NULL
) ENGINE=InnoDB DEFAULT CHARSET=latin1;

/*Data for the table `user_data` */

/*Table structure for table `usuarios` */

DROP TABLE IF EXISTS `usuarios`;

CREATE TABLE `usuarios` (
  `id_user` int(10) NOT NULL AUTO_INCREMENT,
  `login` varchar(255) NOT NULL,
  `pass` varchar(255) NOT NULL,
  `email` varchar(255) NOT NULL,
  `role` varchar(3) NOT NULL,
  `status` int(2) NOT NULL,
  PRIMARY KEY (`id_user`)
) ENGINE=InnoDB AUTO_INCREMENT=2 DEFAULT CHARSET=latin1;

/*Data for the table `usuarios` */

insert  into `usuarios`(`id_user`,`login`,`pass`,`email`,`role`,`status`) values 
(1,'admin','d033e22ae348aeb5660fc2140aec35850c4da997','admin@admin','1',1);

/*!40101 SET SQL_MODE=@OLD_SQL_MODE */;
/*!40014 SET FOREIGN_KEY_CHECKS=@OLD_FOREIGN_KEY_CHECKS */;
/*!40014 SET UNIQUE_CHECKS=@OLD_UNIQUE_CHECKS */;
/*!40111 SET SQL_NOTES=@OLD_SQL_NOTES */;
